transaction_id,date,time,day_of_week,fraud_type,fraud_lure,amount_inr,upi_app,transaction_type,sender_upi_id,receiver_upi_id,linked_bank,victim_state,victim_age_group,victim_gender,victim_occupation,device_type,first_time_upi_user,pin_otp_shared,report_delay,reported_to_cybercrime_portal,recovery_status,is_fraud
TXN933251567391,14-01-2025,08:47:17,Tuesday,Vishing,Prize/Lottery Win,700,PhonePe,P2P,pay7924@ibl,txn3547@oksbi,Axis Bank,Andhra Pradesh,56-65,Male,Salaried Employee,Android,Yes,No,6-24 hours,Yes,Not Recovered,1
TXN517045625552,10-03-2024,08:24:06,Sunday,Vishing,Job Offer/Part-time Work,3100,BHIM,P2P,txn8428@ibl,pay7065@ibl,Canara Bank,West Bengal,46-55,Male,Retired,Android,Yes,Yes,6-24 hours,Yes,Not Recovered,1
TXN726820024292,01-11-2023,17:44:59,Wednesday,OTP Sharing,Electricity Bill Disconnection,1800,PhonePe,Collect Request,txn4483@paytm,acct8517@okicici,Axis Bank,Telangana,46-55,Male,Retired,Android,Yes,Yes,1-3 days,Yes,Not Recovered,1
TXN615379416985,28-12-2023,08:47:35,Thursday,Fake Collect Request,KYC Update Required,17000,Amazon Pay,P2M,mb5119@apl,user2876@apl,SBI,Haryana,26-35,Male,Student,Android,Yes,No,1-3 days,Yes,Not Recovered,1
TXN757132452561,30-12-2023,18:21:07,Saturday,Vishing,Impersonation of Known Person,500,Google Pay,P2P,txn9005@okaxis,user6947@ybl,Yes Bank,Kerala,56-65,Male,Student,Android,Yes,No,6-24 hours,No,Not Recovered,1
TXN442364508902,02-12-2023,06:56:36,Saturday,Remote Access Scam,Impersonation of Known Person,1500,PhonePe,P2M,acct7118@paytm,mb8397@okhdfcbank,SBI,West Bengal,66+,Male,Student,Android,No,No,3-7 days,No,Fully Recovered,1
TXN960037124392,10-12-2023,10:21:01,Sunday,Fake Collect Request,Refund Processing,2900,PhonePe,P2P,acct7669@oksbi,user2588@axl,Axis Bank,Karnataka,46-55,Male,Self-employed/Business,Android,Yes,No,6-24 hours,No,Partially Recovered,1
TXN281403868608,28-03-2024,13:29:55,Thursday,OTP Sharing,Job Offer/Part-time Work,5800,PhonePe,P2P,acct8956@paytm,pay7570@okaxis,SBI,Karnataka,46-55,Female,Self-employed/Business,Android,No,Yes,1-3 days,No,Not Recovered,1
TXN683482989002,16-09-2023,12:24:16,Saturday,Social Engineering,Prize/Lottery Win,14650,Google Pay,P2M,pay1931@apl,user4044@okhdfcbank,HDFC Bank,Rajasthan,66+,Female,Student,Feature Phone,Yes,Yes,6-24 hours,Yes,Partially Recovered,1
TXN108901504899,30-11-2024,07:55:15,Saturday,QR Code Swap,Job Offer/Part-time Work,87350,PhonePe,P2M,acct2638@okhdfcbank,mb4492@apl,Other,Maharashtra,36-45,Female,Homemaker,Android,Yes,No,1-6 hours,No,Not Recovered,1
TXN269879802007,28-12-2023,08:22:56,Thursday,Phishing,Electricity Bill Disconnection,3150,Google Pay,Collect Request,txn5616@oksbi,txn4335@ybl,SBI,Telangana,46-55,Female,Salaried Employee,iOS,Yes,Yes,6-24 hours,Yes,Fully Recovered,1
TXN741535897688,30-08-2024,14:57:58,Friday,Fake UPI App,Prize/Lottery Win,1350,PhonePe,Collect Request,mb3426@axl,pay1685@ybl,ICICI Bank,West Bengal,18-25,Male,Student,Android,Yes,No,< 1 hour,No,Fully Recovered,1
TXN960420184902,08-04-2024,21:50:55,Monday,Phishing,Electricity Bill Disconnection,4800,Paytm,P2P,acct5065@ybl,pay2771@axl,SBI,Maharashtra,18-25,Female,Retired,Feature Phone,Yes,Yes,3-7 days,No,Partially Recovered,1
TXN224672594992,10-05-2023,20:14:12,Wednesday,Fake UPI App,Refund Processing,3250,Google Pay,P2P,txn3925@ybl,user2776@axl,SBI,West Bengal,56-65,Male,Self-employed/Business,iOS,Yes,No,6-24 hours,No,Not Recovered,1
TXN446273815783,19-03-2024,18:20:27,Tuesday,Fake Collect Request,Delivery Agent Scam,8150,PhonePe,P2M,user5920@apl,txn7691@ibl,Bank of Baroda,Haryana,26-35,Male,Homemaker,Feature Phone,No,No,1-6 hours,No,Not Recovered,1
TXN910872751961,17-05-2024,17:35:08,Friday,Phishing,KYC Update Required,8100,PhonePe,P2M,pay2389@ybl,mb6491@okhdfcbank,HDFC Bank,Andhra Pradesh,56-65,Female,Student,Android,Yes,Yes,6-24 hours,Yes,Not Recovered,1
TXN567199758169,27-11-2023,17:14:51,Monday,Phishing,Job Offer/Part-time Work,1000,PhonePe,Collect Request,pay3881@apl,acct1822@apl,Bank of Baroda,Odisha,36-45,Female,Self-employed/Business,Android,No,No,< 1 hour,No,Not Recovered,1
TXN403386445743,12-12-2023,21:07:29,Tuesday,Phishing,Loan Offer,4200,Paytm,P2M,mb8939@oksbi,txn8206@okhdfcbank,Axis Bank,Odisha,36-45,Female,Student,iOS,Yes,Yes,1-3 days,Yes,Partially Recovered,1
TXN519084398943,31-03-2025,11:17:21,Monday,Vishing,Refund Processing,6150,PhonePe,P2P,acct1096@ibl,txn7389@axl,ICICI Bank,Telangana,26-35,Male,Retired,Android,Yes,No,1-6 hours,No,Partially Recovered,1
TXN804735188129,03-10-2024,18:34:51,Thursday,Fake Collect Request,Loan Offer,2900,Google Pay,P2M,acct3223@paytm,pay1823@ybl,Yes Bank,Maharashtra,36-45,Male,Farmer,Feature Phone,No,No,6-24 hours,No,Fully Recovered,1
TXN782987331574,23-04-2024,11:29:20,Tuesday,Vishing,Job Offer/Part-time Work,34100,PhonePe,P2P,pay4908@okicici,acct2874@oksbi,Other,Madhya Pradesh,46-55,Male,Student,Android,No,Yes,1-3 days,No,Not Recovered,1
TXN760068866484,20-07-2024,17:49:23,Saturday,Phishing,Job Offer/Part-time Work,5950,Google Pay,Collect Request,user1672@ibl,mb8018@ibl,IndusInd Bank,Madhya Pradesh,18-25,Male,Daily Wage Worker,Android,Yes,Yes,1-6 hours,No,Not Recovered,1
TXN394602435240,10-06-2023,14:21:00,Saturday,Fake UPI App,Prize/Lottery Win,11750,PhonePe,P2P,txn5022@okhdfcbank,txn8385@oksbi,Axis Bank,Rajasthan,26-35,Female,Student,Android,No,No,3-7 days,Yes,Partially Recovered,1
TXN884458179683,19-07-2024,15:42:24,Friday,Vishing,Loan Offer,7650,PhonePe,Collect Request,acct8342@okaxis,user5820@oksbi,HDFC Bank,Telangana,26-35,Female,Daily Wage Worker,Android,No,Yes,< 1 hour,Yes,Partially Recovered,1
TXN631453260232,19-05-2024,17:19:42,Sunday,Fake Collect Request,Refund Processing,9350,PhonePe,P2M,txn9595@ybl,user4180@ybl,HDFC Bank,Uttar Pradesh,66+,Male,Self-employed/Business,iOS,Yes,No,1-3 days,No,Under Investigation,1
TXN172250436572,19-11-2023,12:19:00,Sunday,OTP Sharing,Job Offer/Part-time Work,600,PhonePe,Collect Request,acct9056@okhdfcbank,mb1878@okicici,Yes Bank,Kerala,36-45,Female,Self-employed/Business,Android,No,Yes,6-24 hours,Yes,Not Recovered,1
TXN788087209613,31-08-2023,19:19:05,Thursday,Money Mule,Customer Care Impersonation,1350,Google Pay,P2M,pay5335@okhdfcbank,pay4929@okicici,Yes Bank,Tamil Nadu,46-55,Male,Self-employed/Business,Feature Phone,No,No,6-24 hours,No,Not Recovered,1
TXN177920311528,17-10-2024,07:00:26,Thursday,QR Code Swap,Prize/Lottery Win,7400,Paytm,P2P,user3718@ybl,mb5728@paytm,HDFC Bank,Karnataka,26-35,Male,Student,iOS,Yes,No,1-3 days,Yes,Not Recovered,1
TXN732517733550,06-08-2023,13:19:44,Sunday,QR Code Swap,Prize/Lottery Win,4200,PhonePe,P2P,user3870@paytm,mb8245@ybl,SBI,Delhi,18-25,Male,Retired,Feature Phone,No,No,6-24 hours,No,Under Investigation,1
TXN950275468961,03-10-2023,23:27:40,Tuesday,Fake UPI App,Loan Offer,80800,Paytm,P2P,acct9431@okaxis,mb8569@axl,HDFC Bank,Uttar Pradesh,26-35,Female,Retired,Feature Phone,Yes,No,6-24 hours,Yes,Not Recovered,1
TXN228475055567,26-05-2023,09:23:39,Friday,SIM Swap,KYC Update Required,5400,PhonePe,P2M,acct2924@okicici,acct5781@apl,Other,Telangana,36-45,Female,Salaried Employee,Android,Yes,No,1-6 hours,No,Not Recovered,1
TXN747842026084,23-03-2025,10:53:30,Sunday,Money Mule,KYC Update Required,4250,Google Pay,P2P,mb9022@okicici,acct9824@paytm,Kotak Mahindra Bank,Telangana,26-35,Female,Self-employed/Business,iOS,No,No,1-3 days,Yes,Not Recovered,1
TXN650298037487,19-03-2024,11:48:34,Tuesday,Vishing,Refund Processing,62350,Paytm,P2P,mb6439@okhdfcbank,acct2633@apl,ICICI Bank,Odisha,26-35,Male,Self-employed/Business,Feature Phone,Yes,No,> 7 days,No,Partially Recovered,1
TXN778759018230,11-07-2024,01:09:26,Thursday,Fake UPI App,Investment Scheme,54900,Google Pay,P2M,user4846@ybl,pay2480@axl,Yes Bank,Rajasthan,66+,Male,Self-employed/Business,iOS,No,No,1-6 hours,No,Not Recovered,1
TXN743870697885,10-07-2023,18:45:55,Monday,Phishing,Prize/Lottery Win,1100,PhonePe,P2P,pay4804@paytm,txn8529@ybl,Axis Bank,Haryana,18-25,Female,Retired,Android,No,Yes,1-6 hours,No,Not Recovered,1
TXN425125927992,11-02-2025,00:51:29,Tuesday,Social Engineering,Loan Offer,6300,PhonePe,Collect Request,user7484@ybl,user1803@paytm,ICICI Bank,Karnataka,56-65,Female,Farmer,Android,Yes,Yes,1-3 days,Yes,Not Recovered,1
TXN457749775324,19-01-2024,18:14:38,Friday,SIM Swap,Electricity Bill Disconnection,900,Google Pay,Collect Request,acct3877@oksbi,pay9837@ibl,IndusInd Bank,Tamil Nadu,36-45,Female,Self-employed/Business,Android,Yes,No,6-24 hours,No,Not Recovered,1
TXN114579586722,25-09-2024,14:17:53,Wednesday,Phishing,KYC Update Required,40800,Google Pay,P2M,txn9791@okhdfcbank,acct7038@ybl,Kotak Mahindra Bank,Kerala,26-35,Female,Homemaker,Android,Yes,Yes,6-24 hours,No,Not Recovered,1
TXN248337633154,19-11-2024,12:40:23,Tuesday,Phishing,Electricity Bill Disconnection,2100,Google Pay,P2M,acct8432@ibl,mb7866@okicici,ICICI Bank,Tamil Nadu,56-65,Male,Student,Android,No,Yes,< 1 hour,Yes,Not Recovered,1
TXN200737244056,29-05-2024,16:53:31,Wednesday,Fake Collect Request,KYC Update Required,68350,BHIM,Collect Request,pay1349@okaxis,txn4990@okicici,Bank of Baroda,Karnataka,26-35,Male,Farmer,Android,Yes,No,1-6 hours,Yes,Not Recovered,1
TXN745267002855,30-10-2024,09:53:48,Wednesday,Fake Collect Request,Prize/Lottery Win,6900,PhonePe,Collect Request,txn1258@okicici,txn1858@okicici,SBI,Uttar Pradesh,18-25,Female,Salaried Employee,Android,No,No,6-24 hours,Yes,Not Recovered,1
TXN637334604519,05-06-2024,14:47:04,Wednesday,QR Code Swap,Investment Scheme,18400,Google Pay,P2M,acct2204@okhdfcbank,txn3430@okhdfcbank,Punjab National Bank,Tamil Nadu,26-35,Male,Student,Android,Yes,No,< 1 hour,No,Under Investigation,1
TXN540034427145,08-08-2023,10:40:37,Tuesday,Fake Collect Request,Investment Scheme,4450,PhonePe,P2M,acct2557@ibl,acct6120@ybl,Punjab National Bank,Delhi,26-35,Female,Homemaker,iOS,Yes,No,1-6 hours,Yes,Not Recovered,1
TXN158931506885,18-04-2024,22:43:59,Thursday,QR Code Swap,Job Offer/Part-time Work,650,Google Pay,P2M,txn6119@ibl,user9313@oksbi,Axis Bank,Karnataka,18-25,Female,Salaried Employee,Android,No,No,1-6 hours,No,Not Recovered,1
TXN442576940326,06-09-2023,16:14:54,Wednesday,Phishing,Delivery Agent Scam,16000,PhonePe,P2M,txn6751@okaxis,pay3347@axl,Punjab National Bank,Karnataka,26-35,Male,Student,Android,Yes,Yes,6-24 hours,No,Not Recovered,1
TXN557165098695,11-06-2023,08:40:01,Sunday,Phishing,Job Offer/Part-time Work,8100,Google Pay,P2M,txn4531@apl,user6655@axl,SBI,Rajasthan,26-35,Male,Salaried Employee,Android,No,Yes,6-24 hours,Yes,Not Recovered,1
TXN650744131878,23-07-2023,10:43:37,Sunday,QR Code Swap,Delivery Agent Scam,5350,PhonePe,Collect Request,mb6802@okhdfcbank,acct1693@axl,Kotak Mahindra Bank,Maharashtra,66+,Male,Salaried Employee,Android,Yes,No,6-24 hours,Yes,Not Recovered,1
TXN917376405323,20-04-2023,13:04:55,Thursday,Vishing,Delivery Agent Scam,3650,PhonePe,P2P,txn4630@ibl,pay2251@apl,Punjab National Bank,Gujarat,26-35,Male,Daily Wage Worker,iOS,Yes,Yes,< 1 hour,Yes,Partially Recovered,1
TXN722263658623,08-01-2025,08:32:12,Wednesday,Social Engineering,Prize/Lottery Win,5000,PhonePe,P2P,mb6295@ibl,pay8205@okhdfcbank,SBI,Kerala,36-45,Male,Salaried Employee,iOS,Yes,Yes,3-7 days,Yes,Not Recovered,1
TXN992962570107,24-07-2024,13:19:50,Wednesday,Vishing,Electricity Bill Disconnection,1550,PhonePe,P2P,mb4084@ibl,mb8792@apl,Other,Karnataka,36-45,Male,Student,Android,No,Yes,1-6 hours,No,Not Recovered,1
TXN811379241054,02-09-2023,22:28:06,Saturday,Fake UPI App,Job Offer/Part-time Work,21700,Google Pay,Collect Request,txn2079@ibl,user7333@ybl,Punjab National Bank,Karnataka,36-45,Male,Daily Wage Worker,Android,Yes,No,1-6 hours,No,Partially Recovered,1
TXN201045089995,15-12-2023,18:42:58,Friday,Fake Collect Request,Customer Care Impersonation,650,BHIM,P2M,acct9331@ibl,user6940@ybl,Punjab National Bank,Tamil Nadu,18-25,Male,Self-employed/Business,Feature Phone,No,No,1-6 hours,No,Partially Recovered,1
TXN949084306678,02-10-2023,22:21:49,Monday,QR Code Swap,Loan Offer,2550,Google Pay,P2M,mb3712@paytm,user7731@ibl,Axis Bank,Telangana,26-35,Female,Retired,Android,Yes,No,6-24 hours,Yes,Not Recovered,1
TXN981325990907,21-02-2025,17:28:39,Friday,Vishing,Prize/Lottery Win,17350,Google Pay,Collect Request,mb3267@ybl,user8873@ibl,Bank of Baroda,Maharashtra,26-35,Female,Self-employed/Business,Android,Yes,Yes,1-3 days,No,Partially Recovered,1
TXN190170799779,19-10-2024,21:45:54,Saturday,QR Code Swap,Impersonation of Known Person,650,PhonePe,P2P,txn4678@okaxis,txn2623@ibl,HDFC Bank,Madhya Pradesh,26-35,Female,Self-employed/Business,Android,Yes,No,< 1 hour,No,Not Recovered,1
TXN560585590540,28-08-2023,08:18:58,Monday,Fake UPI App,Prize/Lottery Win,12250,Paytm,P2P,mb8489@okhdfcbank,user9189@apl,SBI,Madhya Pradesh,36-45,Female,Student,Feature Phone,Yes,No,1-6 hours,Yes,Partially Recovered,1
TXN512235425357,17-04-2023,16:36:15,Monday,OTP Sharing,Digital Arrest Threat,2001,Google Pay,P2P,txn1266@ibl,user6649@oksbi,SBI,Tamil Nadu,26-35,Male,Self-employed/Business,Android,Yes,Yes,> 7 days,Yes,Not Recovered,1
TXN322441120293,01-02-2025,16:49:37,Saturday,SIM Swap,Digital Arrest Threat,2200,Google Pay,P2M,user6170@ybl,mb7524@apl,ICICI Bank,Uttar Pradesh,26-35,Female,Salaried Employee,Android,Yes,No,6-24 hours,Yes,Fully Recovered,1
TXN566979258469,28-07-2024,10:48:41,Sunday,Phishing,Loan Offer,2200,PhonePe,Collect Request,user8055@okicici,mb5813@ibl,IndusInd Bank,Punjab,26-35,Male,Farmer,Android,Yes,No,6-24 hours,No,Not Recovered,1
TXN254752570608,15-07-2023,07:42:18,Saturday,Vishing,Electricity Bill Disconnection,8500,Google Pay,Collect Request,mb8179@okaxis,pay2101@oksbi,ICICI Bank,Telangana,26-35,Male,Retired,Android,Yes,Yes,< 1 hour,Yes,Not Recovered,1
TXN874212049318,20-01-2025,12:24:36,Monday,Phishing,Customer Care Impersonation,1400,Google Pay,P2M,acct4515@ybl,acct4279@okhdfcbank,Punjab National Bank,Bihar,26-35,Female,Salaried Employee,Android,Yes,Yes,1-3 days,Yes,Not Recovered,1
TXN323274444183,17-08-2023,20:28:11,Thursday,Social Engineering,Job Offer/Part-time Work,2350,Google Pay,P2M,pay4878@paytm,user6912@apl,HDFC Bank,West Bengal,66+,Female,Salaried Employee,Android,Yes,Yes,6-24 hours,Yes,Not Recovered,1
TXN746992988388,07-11-2024,12:51:35,Thursday,Phishing,Delivery Agent Scam,27150,Google Pay,P2M,pay3114@axl,mb1907@okhdfcbank,SBI,Maharashtra,66+,Female,Student,Feature Phone,No,No,6-24 hours,Yes,Not Recovered,1
TXN892956100142,12-09-2024,09:10:10,Thursday,Vishing,Impersonation of Known Person,15650,PhonePe,P2P,mb6531@okaxis,user2330@okaxis,HDFC Bank,Bihar,36-45,Male,Student,Android,Yes,Yes,< 1 hour,No,Not Recovered,1
TXN450977696076,16-01-2025,18:16:41,Thursday,Phishing,Delivery Agent Scam,5250,BHIM,P2M,txn7532@okicici,txn9437@apl,Bank of Baroda,Delhi,36-45,Male,Salaried Employee,Android,Yes,Yes,< 1 hour,Yes,Not Recovered,1
TXN123611025550,18-07-2023,11:29:07,Tuesday,Vishing,Investment Scheme,2400,PhonePe,Collect Request,user7442@apl,acct4944@oksbi,Canara Bank,Karnataka,56-65,Female,Homemaker,Feature Phone,Yes,No,1-6 hours,No,Not Recovered,1
TXN655710136742,18-11-2024,11:03:18,Monday,QR Code Swap,Refund Processing,46450,PhonePe,P2P,acct5582@okhdfcbank,pay2584@axl,HDFC Bank,Andhra Pradesh,26-35,Male,Salaried Employee,Android,Yes,No,< 1 hour,Yes,Not Recovered,1
TXN430036462228,17-04-2024,19:21:35,Wednesday,Social Engineering,Delivery Agent Scam,13250,PhonePe,P2M,mb6511@apl,mb9721@paytm,Axis Bank,Tamil Nadu,26-35,Male,Daily Wage Worker,Android,Yes,Yes,< 1 hour,Yes,Fully Recovered,1
TXN892975625286,26-03-2025,15:30:52,Wednesday,Phishing,KYC Update Required,2450,Google Pay,P2M,mb7229@okicici,pay1517@okhdfcbank,ICICI Bank,Kerala,36-45,Female,Homemaker,Feature Phone,Yes,Yes,1-3 days,No,Not Recovered,1
TXN488893282253,13-10-2023,02:20:26,Friday,Phishing,Loan Offer,16700,Google Pay,P2M,txn8932@oksbi,pay5571@apl,Axis Bank,Delhi,36-45,Male,Farmer,Android,Yes,Yes,6-24 hours,No,Not Recovered,1
TXN885787089052,31-01-2024,10:19:49,Wednesday,Vishing,Refund Processing,1950,Paytm,P2M,user6674@paytm,txn8849@oksbi,Axis Bank,Delhi,36-45,Female,Daily Wage Worker,Android,Yes,Yes,1-6 hours,No,Not Recovered,1
TXN275789144602,24-10-2023,19:17:59,Tuesday,Fake Collect Request,Electricity Bill Disconnection,2450,Google Pay,P2M,acct8793@paytm,pay5706@ibl,SBI,Tamil Nadu,36-45,Male,Homemaker,Android,Yes,No,< 1 hour,Yes,Partially Recovered,1
TXN108750850618,18-01-2024,16:58:49,Thursday,Phishing,Delivery Agent Scam,9400,Paytm,P2P,txn2758@ibl,txn8444@apl,Other,Gujarat,56-65,Male,Retired,Android,No,Yes,1-3 days,No,Not Recovered,1
TXN195897714803,18-09-2024,14:08:54,Wednesday,QR Code Swap,Refund Processing,2450,Google Pay,P2P,acct2562@okicici,pay8822@ibl,HDFC Bank,Uttar Pradesh,46-55,Female,Salaried Employee,Android,Yes,No,6-24 hours,Yes,Not Recovered,1
TXN800583966022,11-12-2023,00:24:15,Monday,QR Code Swap,KYC Update Required,3350,Google Pay,P2M,txn7021@oksbi,pay3188@paytm,SBI,Maharashtra,46-55,Male,Self-employed/Business,Android,Yes,No,6-24 hours,No,Fully Recovered,1
TXN657928656291,04-09-2023,13:38:23,Monday,QR Code Swap,Electricity Bill Disconnection,8850,Google Pay,P2M,pay9792@okicici,pay6375@apl,Kotak Mahindra Bank,Madhya Pradesh,46-55,Female,Student,Android,No,No,1-6 hours,Yes,Fully Recovered,1
TXN479776888469,26-06-2024,08:13:45,Wednesday,Fake Collect Request,Job Offer/Part-time Work,1550,PhonePe,P2M,user9866@okaxis,user8734@okaxis,Bank of Baroda,Rajasthan,18-25,Male,Salaried Employee,Android,Yes,No,1-6 hours,Yes,Not Recovered,1
TXN681508758920,19-01-2024,12:49:08,Friday,SIM Swap,Refund Processing,92350,PhonePe,Collect Request,pay4648@okaxis,user5888@paytm,SBI,Kerala,26-35,Female,Retired,Feature Phone,No,No,< 1 hour,Yes,Partially Recovered,1
TXN366497035560,18-02-2025,17:27:34,Tuesday,Vishing,Delivery Agent Scam,3900,Google Pay,P2P,user7590@paytm,pay9843@oksbi,ICICI Bank,Uttar Pradesh,26-35,Female,Daily Wage Worker,iOS,Yes,Yes,< 1 hour,Yes,Not Recovered,1
TXN571066644856,28-05-2023,08:18:14,Sunday,Fake UPI App,Digital Arrest Threat,15200,PhonePe,Collect Request,mb9120@okaxis,txn7244@apl,Axis Bank,Tamil Nadu,46-55,Female,Salaried Employee,Android,Yes,No,6-24 hours,No,Not Recovered,1
TXN507365336000,21-02-2024,17:26:09,Wednesday,Vishing,Impersonation of Known Person,1600,Google Pay,Collect Request,user9775@oksbi,user5398@axl,Axis Bank,Rajasthan,46-55,Male,Student,Feature Phone,No,No,< 1 hour,Yes,Not Recovered,1
TXN534670074164,18-02-2025,16:02:55,Tuesday,Phishing,Impersonation of Known Person,19650,Paytm,P2P,pay6269@ybl,acct8639@apl,SBI,Gujarat,36-45,Male,Farmer,Feature Phone,Yes,Yes,< 1 hour,Yes,Under Investigation,1
TXN268771565771,24-01-2025,12:16:23,Friday,QR Code Swap,Refund Processing,5800,PhonePe,P2P,pay6404@oksbi,acct5026@paytm,SBI,West Bengal,46-55,Female,Homemaker,iOS,No,No,< 1 hour,No,Not Recovered,1
TXN154409571483,15-10-2024,16:43:21,Tuesday,Vishing,Loan Offer,21850,Google Pay,P2P,user7756@okicici,pay2113@okicici,ICICI Bank,Andhra Pradesh,36-45,Male,Student,Feature Phone,No,No,6-24 hours,Yes,Not Recovered,1
TXN265460975402,10-04-2023,10:29:23,Monday,Phishing,Loan Offer,8950,PhonePe,P2P,pay4144@apl,txn6807@ybl,Axis Bank,Andhra Pradesh,18-25,Male,Self-employed/Business,Android,Yes,No,6-24 hours,No,Not Recovered,1
TXN961763314712,11-05-2024,07:25:29,Saturday,Fake Collect Request,KYC Update Required,218400,Amazon Pay,P2M,txn2562@apl,user4764@oksbi,ICICI Bank,Maharashtra,46-55,Male,Self-employed/Business,Android,No,No,6-24 hours,Yes,Not Recovered,1
TXN844700757105,09-03-2025,21:30:17,Sunday,Phishing,Digital Arrest Threat,1050,Paytm,P2P,mb6435@axl,pay2284@apl,Axis Bank,Haryana,36-45,Male,Homemaker,iOS,Yes,No,1-6 hours,Yes,Not Recovered,1
TXN424779482234,20-03-2024,06:27:14,Wednesday,Fake UPI App,Digital Arrest Threat,4500,PhonePe,P2P,pay2204@okhdfcbank,txn3526@axl,ICICI Bank,Kerala,26-35,Female,Daily Wage Worker,Android,Yes,No,6-24 hours,No,Not Recovered,1
TXN114539486168,29-03-2025,19:09:47,Saturday,Vishing,Prize/Lottery Win,2400,PhonePe,P2P,txn7779@axl,user4977@apl,ICICI Bank,Karnataka,26-35,Male,Self-employed/Business,Android,Yes,Yes,< 1 hour,Yes,Not Recovered,1
TXN519275532872,21-09-2023,17:10:08,Thursday,Vishing,Prize/Lottery Win,2600,PhonePe,P2P,txn8212@ibl,acct3230@ybl,HDFC Bank,Karnataka,26-35,Male,Student,Android,No,Yes,1-6 hours,Yes,Not Recovered,1
TXN944741523484,23-02-2024,16:44:12,Friday,QR Code Swap,Prize/Lottery Win,1300,PhonePe,P2M,mb1440@paytm,pay8183@ybl,HDFC Bank,Kerala,26-35,Female,Self-employed/Business,iOS,Yes,No,< 1 hour,No,Not Recovered,1
TXN870343313387,10-03-2025,07:54:50,Monday,SIM Swap,KYC Update Required,6150,Google Pay,P2M,mb2392@okhdfcbank,pay6816@okicici,Other,Andhra Pradesh,26-35,Female,Self-employed/Business,Android,Yes,No,6-24 hours,No,Fully Recovered,1
TXN628386473206,22-01-2025,16:36:41,Wednesday,OTP Sharing,Job Offer/Part-time Work,3350,PhonePe,P2M,user5840@axl,user2901@okicici,Axis Bank,Kerala,26-35,Male,Self-employed/Business,Android,Yes,Yes,1-6 hours,No,Partially Recovered,1
TXN715601913080,22-03-2024,11:29:50,Friday,Phishing,Loan Offer,8900,PhonePe,P2P,acct8570@oksbi,acct4022@okicici,SBI,Karnataka,46-55,Male,Salaried Employee,Android,Yes,Yes,1-3 days,No,Fully Recovered,1
TXN640575907758,15-01-2025,16:25:01,Wednesday,SIM Swap,Delivery Agent Scam,39750,PhonePe,P2M,mb6134@axl,mb7431@okhdfcbank,SBI,Tamil Nadu,26-35,Female,Retired,Android,Yes,No,1-6 hours,Yes,Not Recovered,1
TXN812617370241,22-03-2024,11:29:39,Friday,Phishing,KYC Update Required,7450,PhonePe,P2P,pay3733@paytm,txn3298@okicici,HDFC Bank,Haryana,36-45,Female,Self-employed/Business,Android,Yes,Yes,6-24 hours,Yes,Not Recovered,1
TXN345993620171,17-02-2024,20:39:03,Saturday,Fake UPI App,Loan Offer,81750,Google Pay,P2M,mb5729@okicici,acct9115@apl,ICICI Bank,Telangana,46-55,Female,Self-employed/Business,iOS,Yes,No,< 1 hour,No,Not Recovered,1
TXN581409926304,05-09-2024,08:07:17,Thursday,SIM Swap,Customer Care Impersonation,16000,PhonePe,P2P,user4882@oksbi,mb6744@axl,Kotak Mahindra Bank,Delhi,46-55,Female,Salaried Employee,Android,No,No,1-3 days,Yes,Not Recovered,1
TXN168370591034,17-09-2023,16:50:13,Sunday,Fake UPI App,Refund Processing,19350,PhonePe,P2M,txn3078@okicici,pay3396@ibl,HDFC Bank,Uttar Pradesh,26-35,Male,Farmer,iOS,No,No,6-24 hours,No,Not Recovered,1
TXN906797440309,10-12-2023,18:43:25,Sunday,QR Code Swap,Customer Care Impersonation,7200,Google Pay,P2M,user8511@ibl,user9756@axl,Kotak Mahindra Bank,Tamil Nadu,26-35,Male,Retired,Android,No,No,6-24 hours,No,Not Recovered,1
TXN572266150378,10-11-2023,22:52:13,Friday,QR Code Swap,Loan Offer,3150,PhonePe,P2P,pay3161@ybl,pay5489@okhdfcbank,SBI,Uttar Pradesh,36-45,Female,Homemaker,Android,Yes,No,6-24 hours,No,Not Recovered,1
TXN862023035909,30-01-2025,12:05:23,Thursday,OTP Sharing,Loan Offer,5400,PhonePe,P2M,pay8826@okhdfcbank,pay7276@okhdfcbank,SBI,Uttar Pradesh,26-35,Female,Salaried Employee,Android,No,No,1-6 hours,Yes,Not Recovered,1
TXN925235072673,14-07-2023,08:23:56,Friday,Vishing,Prize/Lottery Win,2550,Google Pay,P2M,user7291@ibl,acct6152@okicici,HDFC Bank,Andhra Pradesh,36-45,Male,Homemaker,Android,Yes,No,3-7 days,Yes,Not Recovered,1
TXN221916450226,10-12-2023,10:05:15,Sunday,Fake Collect Request,Prize/Lottery Win,10000,Google Pay,Collect Request,pay9185@okhdfcbank,mb1197@ibl,Punjab National Bank,Maharashtra,56-65,Male,Self-employed/Business,Android,Yes,No,6-24 hours,No,Partially Recovered,1
TXN870618387758,19-02-2024,08:55:53,Monday,Fake Collect Request,KYC Update Required,4800,PhonePe,P2M,acct2350@apl,mb3501@ybl,SBI,Telangana,36-45,Female,Daily Wage Worker,Feature Phone,No,No,1-6 hours,No,Not Recovered,1
TXN914609608952,25-06-2023,11:32:58,Sunday,Phishing,Refund Processing,18800,Google Pay,P2M,pay2956@okaxis,pay1185@okicici,ICICI Bank,Uttar Pradesh,36-45,Female,Salaried Employee,Feature Phone,No,Yes,1-6 hours,Yes,Fully Recovered,1
TXN497330782704,21-08-2024,22:33:33,Wednesday,SIM Swap,Investment Scheme,12750,Google Pay,P2P,user9185@okicici,txn3577@ybl,HDFC Bank,Uttar Pradesh,46-55,Female,Student,Android,Yes,No,1-6 hours,No,Under Investigation,1
TXN450985964040,15-07-2023,21:43:46,Saturday,Phishing,Prize/Lottery Win,10050,PhonePe,P2P,txn2276@ibl,user9225@okaxis,Other,Karnataka,56-65,Male,Student,iOS,Yes,Yes,3-7 days,Yes,Partially Recovered,1
TXN318080769622,01-10-2023,10:33:02,Sunday,Remote Access Scam,Refund Processing,1450,PhonePe,P2M,mb5016@okicici,user7718@okaxis,HDFC Bank,Punjab,46-55,Male,Homemaker,iOS,No,No,1-6 hours,No,Not Recovered,1
TXN553203914925,25-11-2023,15:40:53,Saturday,OTP Sharing,Job Offer/Part-time Work,1200,Google Pay,P2P,txn8511@okhdfcbank,mb2565@apl,HDFC Bank,Karnataka,36-45,Female,Salaried Employee,Android,No,No,> 7 days,Yes,Not Recovered,1
TXN216631600236,15-08-2023,16:25:04,Tuesday,Fake Collect Request,Loan Offer,1850,PhonePe,Collect Request,pay8365@paytm,txn7660@okhdfcbank,Kotak Mahindra Bank,Kerala,26-35,Male,Salaried Employee,Android,Yes,No,< 1 hour,No,Not Recovered,1
TXN130811527327,30-09-2024,12:49:13,Monday,QR Code Swap,Prize/Lottery Win,2500,Google Pay,P2M,acct8408@apl,mb5093@okhdfcbank,Yes Bank,Karnataka,46-55,Male,Homemaker,Android,Yes,No,3-7 days,Yes,Not Recovered,1
TXN992620287906,17-07-2024,08:50:08,Wednesday,Phishing,Job Offer/Part-time Work,950,Google Pay,P2M,txn3007@okaxis,acct1829@okicici,HDFC Bank,Telangana,46-55,Male,Salaried Employee,iOS,Yes,No,< 1 hour,Yes,Fully Recovered,1
TXN560150924878,08-11-2024,13:46:25,Friday,QR Code Swap,KYC Update Required,3750,PhonePe,Collect Request,pay9614@oksbi,mb1319@axl,Punjab National Bank,Telangana,26-35,Male,Salaried Employee,Android,Yes,No,1-6 hours,Yes,Not Recovered,1
TXN822619043664,31-03-2025,12:34:50,Monday,QR Code Swap,Delivery Agent Scam,41450,Google Pay,P2P,pay5366@apl,user4594@axl,HDFC Bank,Uttar Pradesh,26-35,Male,Self-employed/Business,iOS,Yes,No,1-6 hours,Yes,Not Recovered,1
TXN122414613742,29-03-2024,22:54:11,Friday,Phishing,Job Offer/Part-time Work,7950,Paytm,P2M,mb8831@okaxis,txn4300@okicici,SBI,Haryana,18-25,Female,Daily Wage Worker,Feature Phone,Yes,Yes,6-24 hours,No,Not Recovered,1
TXN969459729210,14-03-2024,17:58:51,Thursday,Fake UPI App,Refund Processing,2100,PhonePe,P2M,acct6198@okicici,mb6846@oksbi,SBI,Telangana,46-55,Male,Student,Android,No,No,6-24 hours,Yes,Not Recovered,1
TXN917466143803,10-02-2025,15:11:24,Monday,Vishing,Delivery Agent Scam,6050,Google Pay,Collect Request,user4899@ibl,txn3750@okhdfcbank,Axis Bank,Telangana,18-25,Female,Self-employed/Business,Android,Yes,Yes,1-3 days,No,Not Recovered,1
TXN735071262108,26-03-2025,17:46:56,Wednesday,Vishing,Customer Care Impersonation,950,PhonePe,P2P,pay3664@paytm,user1547@ybl,Kotak Mahindra Bank,Maharashtra,18-25,Male,Daily Wage Worker,Feature Phone,Yes,Yes,6-24 hours,No,Not Recovered,1
TXN547492574952,21-04-2023,11:06:04,Friday,Vishing,Electricity Bill Disconnection,30250,PhonePe,P2M,mb9849@ybl,txn5872@oksbi,ICICI Bank,Gujarat,36-45,Female,Daily Wage Worker,Android,Yes,Yes,1-6 hours,Yes,Fully Recovered,1
TXN829692942548,08-07-2023,06:36:35,Saturday,Fake UPI App,KYC Update Required,1250,Google Pay,P2M,txn2493@apl,acct4029@ibl,SBI,Karnataka,18-25,Female,Farmer,Android,Yes,No,6-24 hours,No,Not Recovered,1
TXN623712684551,25-04-2024,12:28:02,Thursday,Vishing,Electricity Bill Disconnection,2950,Google Pay,P2P,mb4860@paytm,txn2293@axl,Canara Bank,West Bengal,36-45,Male,Homemaker,Android,Yes,No,1-6 hours,Yes,Not Recovered,1
TXN448999964467,06-05-2023,14:57:33,Saturday,SIM Swap,Delivery Agent Scam,6200,Amazon Pay,Collect Request,user2425@axl,mb7510@apl,SBI,Telangana,46-55,Male,Farmer,Android,No,No,6-24 hours,No,Under Investigation,1
TXN389527568106,28-02-2024,20:33:29,Wednesday,Social Engineering,Job Offer/Part-time Work,1950,PhonePe,P2P,acct8955@paytm,user3821@ybl,Kotak Mahindra Bank,Tamil Nadu,36-45,Male,Daily Wage Worker,Feature Phone,Yes,Yes,6-24 hours,Yes,Not Recovered,1
TXN588525573162,17-05-2024,08:38:43,Friday,OTP Sharing,Refund Processing,1200,PhonePe,P2P,txn5414@axl,mb2462@oksbi,Canara Bank,Gujarat,18-25,Male,Retired,Android,Yes,Yes,1-3 days,No,Not Recovered,1
TXN598358245380,26-06-2024,09:52:26,Wednesday,SIM Swap,Customer Care Impersonation,24200,PhonePe,P2M,user6904@oksbi,txn7035@paytm,Kotak Mahindra Bank,Uttar Pradesh,18-25,Female,Student,Android,Yes,No,1-6 hours,Yes,Fully Recovered,1
TXN344199433115,30-08-2024,12:59:07,Friday,OTP Sharing,Prize/Lottery Win,4000,Google Pay,P2P,pay4387@ybl,acct9409@okaxis,IndusInd Bank,Tamil Nadu,18-25,Female,Homemaker,iOS,Yes,No,1-6 hours,Yes,Not Recovered,1
TXN658377306072,27-02-2025,00:58:08,Thursday,OTP Sharing,Refund Processing,5050,Google Pay,P2M,txn5631@ybl,user8892@okhdfcbank,IndusInd Bank,Maharashtra,36-45,Female,Self-employed/Business,iOS,No,Yes,1-6 hours,No,Not Recovered,1
TXN384737453791,10-03-2024,23:40:20,Sunday,Fake UPI App,KYC Update Required,4900,Google Pay,P2P,acct7628@axl,user4111@ibl,Yes Bank,Kerala,36-45,Male,Self-employed/Business,iOS,Yes,No,1-6 hours,Yes,Not Recovered,1
TXN197300055920,31-03-2025,10:34:40,Monday,SIM Swap,Refund Processing,47000,Google Pay,P2M,pay6820@oksbi,txn7889@ibl,ICICI Bank,Uttar Pradesh,26-35,Male,Homemaker,iOS,No,No,6-24 hours,No,Fully Recovered,1
TXN606748799930,15-04-2024,10:18:29,Monday,Fake UPI App,Loan Offer,9800,PhonePe,P2P,pay6183@okicici,user8988@ibl,Axis Bank,Tamil Nadu,36-45,Male,Retired,Android,No,No,1-6 hours,Yes,Under Investigation,1
TXN930312582992,06-01-2025,23:20:40,Monday,Phishing,KYC Update Required,2850,PhonePe,P2M,mb4122@okaxis,user5076@oksbi,Punjab National Bank,Madhya Pradesh,18-25,Female,Self-employed/Business,Android,Yes,Yes,3-7 days,Yes,Not Recovered,1
TXN993001892476,11-03-2025,20:19:08,Tuesday,Phishing,Electricity Bill Disconnection,7500,PhonePe,P2M,acct1313@oksbi,pay3149@oksbi,HDFC Bank,Telangana,46-55,Male,Farmer,iOS,Yes,No,1-6 hours,Yes,Fully Recovered,1
TXN861091805321,23-04-2023,15:10:07,Sunday,Vishing,KYC Update Required,5300,Google Pay,P2M,user5933@axl,user9524@ybl,SBI,Uttar Pradesh,36-45,Female,Salaried Employee,iOS,Yes,Yes,< 1 hour,Yes,Not Recovered,1
TXN462841688793,28-12-2024,16:08:26,Saturday,Fake UPI App,Delivery Agent Scam,1950,PhonePe,P2M,pay1044@okaxis,user2809@paytm,Canara Bank,Tamil Nadu,26-35,Female,Self-employed/Business,Feature Phone,No,No,1-6 hours,No,Not Recovered,1
TXN108787026740,31-08-2023,22:49:32,Thursday,Phishing,KYC Update Required,24800,PhonePe,P2M,pay3793@ibl,txn8171@ybl,SBI,Maharashtra,26-35,Female,Salaried Employee,Android,Yes,No,1-3 days,No,Not Recovered,1
TXN583950013487,05-07-2023,12:21:11,Wednesday,Phishing,Delivery Agent Scam,3850,Google Pay,P2M,pay7221@ibl,mb1472@okicici,SBI,Maharashtra,26-35,Female,Salaried Employee,Android,Yes,No,3-7 days,Yes,Not Recovered,1
TXN373703886095,07-08-2024,21:07:56,Wednesday,QR Code Swap,Loan Offer,1050,Google Pay,P2M,acct6664@axl,pay1894@okaxis,HDFC Bank,Andhra Pradesh,18-25,Female,Retired,Feature Phone,Yes,No,6-24 hours,No,Not Recovered,1
TXN445517526651,18-01-2025,21:32:54,Saturday,QR Code Swap,Prize/Lottery Win,6350,BHIM,P2P,user9148@okaxis,user7609@axl,Punjab National Bank,Karnataka,36-45,Male,Salaried Employee,Android,No,No,6-24 hours,Yes,Partially Recovered,1
TXN933642144228,07-05-2023,15:00:52,Sunday,Phishing,Delivery Agent Scam,7500,PhonePe,P2P,pay1035@ibl,txn5783@apl,Canara Bank,Haryana,36-45,Female,Self-employed/Business,iOS,Yes,Yes,1-3 days,No,Not Recovered,1
TXN604446076155,16-09-2024,12:06:02,Monday,Social Engineering,Customer Care Impersonation,8350,Paytm,P2P,mb9260@okicici,acct1071@apl,Kotak Mahindra Bank,Karnataka,36-45,Male,Salaried Employee,Android,Yes,No,1-6 hours,No,Fully Recovered,1
TXN595184704771,20-05-2023,15:27:53,Saturday,Fake Collect Request,Electricity Bill Disconnection,30800,PhonePe,P2M,pay3263@axl,mb9393@ybl,HDFC Bank,Gujarat,18-25,Female,Self-employed/Business,iOS,Yes,No,6-24 hours,Yes,Not Recovered,1
TXN742013300223,19-03-2025,15:20:45,Wednesday,SIM Swap,Digital Arrest Threat,6800,PhonePe,P2M,mb7839@apl,txn7920@okaxis,Punjab National Bank,Telangana,36-45,Male,Self-employed/Business,Feature Phone,Yes,No,6-24 hours,Yes,Not Recovered,1
TXN811858242266,17-09-2024,08:24:09,Tuesday,Phishing,Loan Offer,1050,PhonePe,Collect Request,mb7371@oksbi,mb5712@okaxis,HDFC Bank,Madhya Pradesh,18-25,Male,Salaried Employee,iOS,No,No,1-3 days,No,Not Recovered,1
TXN295201173737,25-04-2024,12:50:43,Thursday,Vishing,Prize/Lottery Win,5100,Paytm,P2P,user4063@okicici,mb2955@axl,Punjab National Bank,Gujarat,26-35,Female,Self-employed/Business,Android,No,Yes,6-24 hours,Yes,Partially Recovered,1
TXN342774723210,12-05-2023,13:35:16,Friday,Phishing,Electricity Bill Disconnection,7100,PhonePe,Collect Request,pay9529@okhdfcbank,mb3611@axl,Kotak Mahindra Bank,Karnataka,36-45,Female,Retired,Android,Yes,Yes,1-6 hours,No,Partially Recovered,1
TXN847495580988,08-10-2024,14:05:22,Tuesday,Vishing,Job Offer/Part-time Work,1200,Google Pay,P2M,txn7248@okhdfcbank,acct5203@apl,Kotak Mahindra Bank,Uttar Pradesh,26-35,Female,Salaried Employee,Android,No,Yes,1-6 hours,No,Not Recovered,1
TXN855334212417,15-01-2024,03:33:52,Monday,SIM Swap,Impersonation of Known Person,9150,PhonePe,P2M,acct2702@oksbi,mb8130@okhdfcbank,SBI,Rajasthan,18-25,Female,Student,Feature Phone,No,No,< 1 hour,No,Not Recovered,1
TXN743153962394,03-03-2025,09:29:45,Monday,Vishing,Customer Care Impersonation,600,Google Pay,Collect Request,user2189@ibl,mb2738@ybl,ICICI Bank,Telangana,26-35,Male,Self-employed/Business,Android,No,Yes,1-6 hours,Yes,Not Recovered,1
TXN510804776837,03-03-2025,11:05:18,Monday,SIM Swap,Delivery Agent Scam,3600,PhonePe,P2M,user3316@okhdfcbank,user1082@axl,Yes Bank,West Bengal,18-25,Male,Student,Android,No,No,1-6 hours,No,Fully Recovered,1
TXN810650722791,02-10-2024,15:05:19,Wednesday,Phishing,Prize/Lottery Win,21900,Google Pay,P2P,mb2198@ybl,user5107@okhdfcbank,Canara Bank,Uttar Pradesh,26-35,Female,Salaried Employee,Android,No,No,1-3 days,No,Partially Recovered,1
TXN882635493530,20-10-2023,18:31:21,Friday,Vishing,Electricity Bill Disconnection,6900,PhonePe,P2M,acct5533@ibl,pay6432@paytm,HDFC Bank,Karnataka,36-45,Female,Student,Android,Yes,Yes,1-6 hours,Yes,Not Recovered,1
TXN943553629287,17-07-2024,13:49:19,Wednesday,QR Code Swap,Refund Processing,1800,PhonePe,P2M,mb4485@okaxis,mb5269@apl,IndusInd Bank,Tamil Nadu,46-55,Female,Salaried Employee,Android,Yes,No,< 1 hour,Yes,Not Recovered,1
TXN722549976924,04-10-2024,13:49:09,Friday,Vishing,Job Offer/Part-time Work,4400,Google Pay,P2P,pay8921@ibl,user4585@paytm,Punjab National Bank,Gujarat,26-35,Male,Retired,iOS,Yes,Yes,6-24 hours,No,Not Recovered,1
TXN819783599768,24-11-2023,06:23:14,Friday,Phishing,KYC Update Required,1250,PhonePe,P2M,user9465@ybl,acct4651@apl,Other,Uttar Pradesh,56-65,Female,Salaried Employee,Android,Yes,Yes,1-3 days,No,Not Recovered,1
TXN628767763413,20-05-2024,11:55:22,Monday,QR Code Swap,Refund Processing,9950,PhonePe,P2M,acct8848@oksbi,mb3641@axl,SBI,Karnataka,56-65,Male,Student,Android,Yes,No,1-3 days,Yes,Not Recovered,1
TXN767649244610,23-04-2023,10:08:36,Sunday,Fake Collect Request,Impersonation of Known Person,1550,PhonePe,P2P,acct8891@okicici,pay7730@okicici,Punjab National Bank,Karnataka,36-45,Male,Salaried Employee,Android,Yes,No,6-24 hours,Yes,Not Recovered,1
TXN141230886330,17-11-2024,19:11:39,Sunday,OTP Sharing,KYC Update Required,4950,PhonePe,P2P,mb9246@okhdfcbank,user8901@okicici,SBI,Andhra Pradesh,56-65,Female,Daily Wage Worker,Android,Yes,No,6-24 hours,No,Partially Recovered,1
TXN943862896001,08-12-2024,14:00:57,Sunday,Social Engineering,Delivery Agent Scam,8550,Google Pay,P2P,pay2373@ybl,mb9908@axl,Kotak Mahindra Bank,Delhi,26-35,Male,Student,Android,Yes,Yes,1-3 days,No,Partially Recovered,1
TXN930635740676,20-12-2023,09:45:47,Wednesday,SIM Swap,KYC Update Required,5950,Google Pay,P2P,pay7770@apl,mb8904@okicici,ICICI Bank,Delhi,26-35,Male,Salaried Employee,Android,No,No,6-24 hours,No,Not Recovered,1
TXN525892126813,14-04-2024,15:30:16,Sunday,Money Mule,Loan Offer,8250,Google Pay,P2P,user2492@okicici,acct8133@okhdfcbank,SBI,Gujarat,56-65,Female,Self-employed/Business,Android,No,No,1-6 hours,No,Not Recovered,1
TXN660920645414,05-06-2023,10:23:05,Monday,Fake Collect Request,Delivery Agent Scam,16550,Google Pay,Collect Request,mb4795@okicici,user6893@oksbi,Punjab National Bank,Tamil Nadu,36-45,Female,Salaried Employee,Android,Yes,No,6-24 hours,Yes,Partially Recovered,1
TXN314589696439,30-01-2025,00:10:05,Thursday,Money Mule,Impersonation of Known Person,15800,PhonePe,P2M,acct7618@okaxis,txn3867@axl,Axis Bank,Andhra Pradesh,26-35,Male,Student,iOS,Yes,No,6-24 hours,No,Not Recovered,1
TXN383967210094,31-08-2024,08:04:32,Saturday,Vishing,Digital Arrest Threat,83650,Google Pay,P2M,user7269@oksbi,pay6172@axl,Axis Bank,Kerala,56-65,Female,Homemaker,iOS,Yes,Yes,3-7 days,Yes,Not Recovered,1
TXN908462573552,27-03-2024,14:00:44,Wednesday,Fake UPI App,Refund Processing,2400,Google Pay,P2P,pay5348@oksbi,pay4322@oksbi,SBI,Uttar Pradesh,46-55,Male,Salaried Employee,Android,No,No,1-3 days,Yes,Fully Recovered,1
TXN342227048003,24-12-2024,12:49:06,Tuesday,Phishing,Refund Processing,1850,BHIM,Collect Request,mb3101@okaxis,mb7933@paytm,HDFC Bank,Delhi,18-25,Female,Daily Wage Worker,iOS,No,Yes,6-24 hours,Yes,Not Recovered,1
TXN476295330686,05-10-2024,04:22:25,Saturday,Fake UPI App,Prize/Lottery Win,17500,Google Pay,P2P,txn4013@paytm,acct4449@axl,Axis Bank,Kerala,46-55,Male,Student,Android,Yes,No,1-6 hours,Yes,Not Recovered,1
TXN248174644406,18-03-2025,18:23:54,Tuesday,QR Code Swap,Prize/Lottery Win,4350,PhonePe,P2P,mb9748@ibl,acct5915@ybl,ICICI Bank,Telangana,36-45,Male,Salaried Employee,Android,Yes,No,3-7 days,No,Not Recovered,1
TXN815438018984,27-10-2024,20:03:25,Sunday,Phishing,Refund Processing,950,PhonePe,P2P,mb3859@ybl,txn6326@apl,Axis Bank,West Bengal,36-45,Female,Salaried Employee,Feature Phone,No,Yes,< 1 hour,No,Not Recovered,1
TXN536560423063,12-08-2024,18:28:56,Monday,Phishing,Electricity Bill Disconnection,8800,Google Pay,P2P,txn8289@ibl,mb9535@paytm,Axis Bank,Andhra Pradesh,18-25,Male,Salaried Employee,iOS,Yes,Yes,1-6 hours,Yes,Not Recovered,1
TXN529004832647,28-05-2024,09:54:01,Tuesday,Phishing,KYC Update Required,3050,PhonePe,P2P,txn4757@oksbi,txn8260@okicici,Yes Bank,Bihar,46-55,Male,Salaried Employee,Android,Yes,Yes,1-6 hours,Yes,Partially Recovered,1
TXN441595001780,13-08-2023,14:10:01,Sunday,Phishing,KYC Update Required,3350,Paytm,P2M,txn8891@apl,pay2467@paytm,Other,Punjab,36-45,Female,Student,Android,Yes,Yes,6-24 hours,No,Partially Recovered,1
TXN372278386916,10-02-2024,12:16:09,Saturday,Vishing,Customer Care Impersonation,800,Paytm,Collect Request,pay7385@axl,pay5308@okhdfcbank,SBI,Uttar Pradesh,36-45,Male,Salaried Employee,Android,Yes,Yes,1-6 hours,Yes,Not Recovered,1
TXN123772518378,06-06-2024,16:33:48,Thursday,SIM Swap,Prize/Lottery Win,7250,PhonePe,Collect Request,pay2675@ybl,txn3048@paytm,HDFC Bank,Maharashtra,46-55,Female,Student,Android,Yes,No,1-6 hours,Yes,Not Recovered,1
TXN998722247997,09-04-2023,10:09:00,Sunday,QR Code Swap,KYC Update Required,3300,Google Pay,P2P,acct1206@okhdfcbank,pay7304@paytm,Kotak Mahindra Bank,Madhya Pradesh,36-45,Male,Salaried Employee,Android,No,No,1-6 hours,Yes,Not Recovered,1
TXN339086633582,10-12-2023,18:02:12,Sunday,QR Code Swap,Prize/Lottery Win,18550,BHIM,Collect Request,user4866@axl,txn1246@okicici,Bank of Baroda,Andhra Pradesh,26-35,Male,Student,iOS,Yes,No,< 1 hour,Yes,Not Recovered,1
TXN219363438641,08-01-2024,15:25:50,Monday,Vishing,Prize/Lottery Win,88100,PhonePe,P2P,pay8992@oksbi,txn6690@paytm,SBI,Madhya Pradesh,36-45,Female,Daily Wage Worker,Android,No,Yes,> 7 days,Yes,Not Recovered,1
TXN998918069255,15-10-2023,02:24:22,Sunday,OTP Sharing,Prize/Lottery Win,2150,Google Pay,P2P,txn9873@ibl,acct1011@apl,HDFC Bank,Delhi,26-35,Male,Salaried Employee,iOS,Yes,Yes,1-3 days,No,Fully Recovered,1
TXN147531028009,23-04-2024,18:56:01,Tuesday,Fake Collect Request,Job Offer/Part-time Work,4550,Google Pay,P2P,pay3926@okaxis,pay2753@paytm,ICICI Bank,Maharashtra,46-55,Female,Student,Android,Yes,No,1-6 hours,Yes,Not Recovered,1
TXN559090903720,14-10-2023,08:36:41,Saturday,Fake UPI App,KYC Update Required,9300,PhonePe,P2M,txn1955@ybl,mb1666@okhdfcbank,Other,Tamil Nadu,36-45,Male,Daily Wage Worker,Android,Yes,No,1-3 days,No,Not Recovered,1
TXN300972092281,06-02-2024,07:13:33,Tuesday,Phishing,Job Offer/Part-time Work,18700,Google Pay,Collect Request,mb7579@apl,txn3591@apl,Axis Bank,Uttar Pradesh,26-35,Female,Homemaker,iOS,Yes,Yes,6-24 hours,No,Not Recovered,1
TXN754056870606,05-12-2024,13:22:57,Thursday,Vishing,Prize/Lottery Win,270200,Google Pay,P2P,user9480@okicici,txn1107@ybl,Axis Bank,Punjab,26-35,Female,Student,Android,No,Yes,1-3 days,Yes,Not Recovered,1
TXN904092770340,14-11-2023,10:20:01,Tuesday,SIM Swap,Customer Care Impersonation,68100,Google Pay,P2P,user6319@paytm,pay8999@okhdfcbank,SBI,Haryana,36-45,Female,Daily Wage Worker,Android,Yes,No,1-6 hours,Yes,Not Recovered,1
TXN145201882326,30-11-2024,16:02:46,Saturday,SIM Swap,KYC Update Required,2250,PhonePe,Collect Request,txn9846@okicici,txn9231@oksbi,Kotak Mahindra Bank,Bihar,26-35,Female,Retired,iOS,Yes,No,3-7 days,No,Not Recovered,1
TXN628860242936,04-09-2023,06:46:25,Monday,Remote Access Scam,KYC Update Required,19400,PhonePe,P2P,mb4245@paytm,acct4212@apl,Axis Bank,Delhi,26-35,Male,Self-employed/Business,Android,Yes,No,< 1 hour,No,Not Recovered,1
TXN581662622746,21-12-2024,23:33:15,Saturday,Vishing,Refund Processing,3750,Google Pay,P2P,user4825@oksbi,txn3555@okhdfcbank,HDFC Bank,Uttar Pradesh,56-65,Male,Salaried Employee,Android,No,Yes,1-6 hours,No,Under Investigation,1
TXN512395838482,25-07-2023,18:15:39,Tuesday,Social Engineering,Prize/Lottery Win,34450,PhonePe,P2P,mb9631@okaxis,txn3790@okaxis,Axis Bank,Karnataka,46-55,Male,Student,Android,Yes,Yes,1-6 hours,No,Not Recovered,1
TXN686680104754,16-01-2024,09:44:39,Tuesday,Vishing,KYC Update Required,2050,Paytm,P2P,user4054@oksbi,mb8503@apl,HDFC Bank,Karnataka,36-45,Female,Self-employed/Business,iOS,No,Yes,3-7 days,No,Not Recovered,1
TXN713940392259,30-03-2025,02:15:59,Sunday,Fake Collect Request,Digital Arrest Threat,3600,PhonePe,P2P,txn4695@okicici,txn7436@okicici,Other,Gujarat,18-25,Female,Salaried Employee,Android,No,No,1-6 hours,No,Not Recovered,1
TXN679385260692,29-06-2023,18:33:43,Thursday,Fake Collect Request,Customer Care Impersonation,6850,PhonePe,P2M,pay8046@okicici,mb3589@ibl,SBI,Rajasthan,36-45,Male,Student,Android,No,No,6-24 hours,Yes,Not Recovered,1
TXN776938306428,09-06-2023,15:46:07,Friday,Phishing,Customer Care Impersonation,12400,PhonePe,P2P,txn4783@oksbi,pay1427@ibl,Other,Gujarat,46-55,Female,Daily Wage Worker,iOS,Yes,No,1-6 hours,Yes,Partially Recovered,1
TXN639521161767,21-06-2023,17:30:08,Wednesday,QR Code Swap,Customer Care Impersonation,8050,PhonePe,P2P,txn8496@oksbi,acct7633@okaxis,Other,Telangana,26-35,Male,Farmer,Feature Phone,Yes,No,1-6 hours,Yes,Not Recovered,1
TXN306370152544,13-12-2024,18:24:46,Friday,Vishing,Customer Care Impersonation,9700,Google Pay,P2M,txn8201@axl,txn5684@paytm,Canara Bank,Tamil Nadu,36-45,Female,Farmer,Android,Yes,Yes,6-24 hours,No,Not Recovered,1
TXN602006723057,18-09-2023,13:39:58,Monday,Phishing,Job Offer/Part-time Work,6150,Google Pay,P2P,user5097@ibl,pay3024@okhdfcbank,IndusInd Bank,Rajasthan,36-45,Male,Self-employed/Business,Android,No,No,1-6 hours,Yes,Not Recovered,1
TXN900193288049,26-07-2023,17:40:23,Wednesday,Phishing,Delivery Agent Scam,21900,PhonePe,P2P,acct5731@okicici,user3155@oksbi,IndusInd Bank,Madhya Pradesh,36-45,Female,Student,Android,No,Yes,1-6 hours,Yes,Partially Recovered,1
TXN152431404270,04-04-2023,16:16:00,Tuesday,QR Code Swap,Customer Care Impersonation,42800,PhonePe,P2M,pay3429@okaxis,txn1601@okicici,ICICI Bank,West Bengal,36-45,Male,Salaried Employee,Android,No,No,1-3 days,No,Not Recovered,1
TXN520466688767,04-05-2023,17:53:38,Thursday,Vishing,Loan Offer,26600,PhonePe,P2M,user8001@apl,user5797@paytm,Axis Bank,Karnataka,66+,Male,Farmer,Android,No,Yes,1-3 days,Yes,Not Recovered,1
TXN787173397028,16-08-2023,08:55:17,Wednesday,Vishing,Digital Arrest Threat,2850,Google Pay,P2M,txn3125@paytm,mb9154@paytm,ICICI Bank,Gujarat,36-45,Male,Daily Wage Worker,Android,Yes,Yes,> 7 days,No,Not Recovered,1
TXN427739387542,02-10-2023,20:14:45,Monday,Vishing,Digital Arrest Threat,750,Google Pay,P2M,mb6307@okaxis,user6460@ibl,ICICI Bank,Karnataka,36-45,Male,Student,Android,Yes,No,6-24 hours,Yes,Not Recovered,1
TXN428655506955,10-05-2024,18:39:01,Friday,Fake UPI App,Prize/Lottery Win,1200,PhonePe,P2P,mb6169@apl,mb1306@oksbi,ICICI Bank,Bihar,36-45,Male,Daily Wage Worker,iOS,Yes,No,6-24 hours,No,Partially Recovered,1
TXN509042558814,12-11-2024,17:51:58,Tuesday,Social Engineering,Job Offer/Part-time Work,2600,Google Pay,Collect Request,acct5958@oksbi,mb5953@okicici,ICICI Bank,Maharashtra,18-25,Female,Retired,Android,Yes,Yes,1-3 days,Yes,Not Recovered,1
TXN141766712855,24-07-2023,12:02:49,Monday,Phishing,Loan Offer,1550,PhonePe,Collect Request,acct7350@apl,user1067@ybl,Axis Bank,Karnataka,36-45,Male,Salaried Employee,iOS,No,Yes,1-3 days,No,Partially Recovered,1
TXN113376505558,16-05-2023,17:38:55,Tuesday,Phishing,Electricity Bill Disconnection,2200,PhonePe,P2M,mb9422@okhdfcbank,pay9888@ibl,SBI,Karnataka,46-55,Female,Salaried Employee,Android,Yes,Yes,6-24 hours,No,Partially Recovered,1
TXN859505585792,14-10-2024,11:09:45,Monday,SIM Swap,Customer Care Impersonation,6400,PhonePe,P2P,acct6826@ybl,txn4246@apl,Bank of Baroda,Karnataka,36-45,Male,Salaried Employee,Android,Yes,No,1-6 hours,No,Not Recovered,1
TXN460272181409,20-06-2023,22:48:48,Tuesday,QR Code Swap,Prize/Lottery Win,1950,Google Pay,P2M,acct8987@okaxis,user8787@okhdfcbank,HDFC Bank,Rajasthan,26-35,Female,Student,iOS,No,No,3-7 days,No,Not Recovered,1
TXN329096622851,25-03-2024,13:54:10,Monday,Vishing,Electricity Bill Disconnection,4350,Google Pay,P2P,mb8063@axl,mb6606@apl,Canara Bank,Telangana,18-25,Female,Self-employed/Business,Android,No,Yes,1-6 hours,No,Not Recovered,1
TXN199048311937,11-03-2025,10:42:42,Tuesday,Phishing,Customer Care Impersonation,87650,PhonePe,P2P,pay3276@okaxis,pay3444@paytm,HDFC Bank,West Bengal,18-25,Female,Student,Android,Yes,Yes,6-24 hours,No,Not Recovered,1
TXN503994977126,26-09-2024,11:39:36,Thursday,QR Code Swap,Loan Offer,1150,Paytm,Collect Request,mb1870@okaxis,mb6885@okhdfcbank,IndusInd Bank,Maharashtra,46-55,Female,Student,Feature Phone,No,No,6-24 hours,No,Not Recovered,1
TXN119964679793,14-01-2024,20:15:27,Sunday,OTP Sharing,KYC Update Required,3300,PhonePe,P2P,pay8974@axl,pay2387@okicici,Axis Bank,Gujarat,26-35,Male,Self-employed/Business,iOS,Yes,Yes,1-6 hours,No,Not Recovered,1
TXN722932886998,17-01-2025,19:55:29,Friday,Social Engineering,Prize/Lottery Win,17000,Google Pay,P2P,acct7038@okhdfcbank,mb8889@okhdfcbank,ICICI Bank,Tamil Nadu,26-35,Male,Self-employed/Business,Android,No,Yes,1-3 days,Yes,Not Recovered,1
TXN615442389863,24-08-2023,18:33:54,Thursday,Money Mule,Electricity Bill Disconnection,17600,PhonePe,P2M,acct9399@paytm,mb6431@axl,Punjab National Bank,Delhi,36-45,Female,Student,Android,Yes,No,6-24 hours,No,Not Recovered,1
TXN376071258443,27-03-2024,22:51:18,Wednesday,Vishing,Prize/Lottery Win,1700,PhonePe,P2M,pay5603@ybl,txn1232@okhdfcbank,SBI,Gujarat,46-55,Female,Retired,Feature Phone,Yes,No,6-24 hours,Yes,Not Recovered,1
TXN896459529963,09-12-2024,09:37:47,Monday,Phishing,Refund Processing,2700,Google Pay,Collect Request,pay4454@ibl,user5331@okhdfcbank,SBI,Maharashtra,46-55,Male,Daily Wage Worker,Android,No,Yes,1-6 hours,No,Not Recovered,1
TXN802361556810,24-05-2023,09:25:30,Wednesday,Vishing,Job Offer/Part-time Work,22350,PhonePe,P2P,txn8074@ybl,txn5429@ybl,ICICI Bank,Bihar,26-35,Female,Retired,Android,No,Yes,1-6 hours,No,Not Recovered,1
TXN895511335697,10-07-2023,10:37:25,Monday,QR Code Swap,Prize/Lottery Win,7000,PhonePe,P2M,txn5127@oksbi,user1388@okhdfcbank,Axis Bank,Gujarat,36-45,Male,Retired,Android,Yes,No,< 1 hour,Yes,Not Recovered,1
TXN800404859161,29-05-2023,22:42:57,Monday,Fake UPI App,Delivery Agent Scam,91800,Google Pay,P2P,acct5528@axl,txn5216@okicici,Punjab National Bank,Telangana,66+,Male,Salaried Employee,iOS,No,No,< 1 hour,Yes,Not Recovered,1
TXN134803353165,15-06-2023,10:03:24,Thursday,Vishing,Electricity Bill Disconnection,235400,PhonePe,Collect Request,user2153@ybl,acct1307@paytm,SBI,Kerala,26-35,Male,Salaried Employee,Android,No,Yes,1-3 days,No,Not Recovered,1
TXN235214445347,31-08-2023,16:00:59,Thursday,Phishing,Job Offer/Part-time Work,2600,Google Pay,Collect Request,mb9770@ibl,txn5961@axl,ICICI Bank,Gujarat,56-65,Female,Homemaker,iOS,No,No,1-3 days,Yes,Not Recovered,1
TXN309316623535,27-05-2023,16:41:05,Saturday,Vishing,KYC Update Required,36150,Google Pay,P2P,pay1584@oksbi,user4907@paytm,ICICI Bank,Karnataka,26-35,Female,Homemaker,Android,Yes,Yes,1-3 days,Yes,Not Recovered,1
TXN138964087093,03-05-2024,06:34:41,Friday,Vishing,Customer Care Impersonation,8700,PhonePe,P2M,pay9010@okaxis,acct1750@oksbi,SBI,Kerala,18-25,Male,Student,Android,No,Yes,3-7 days,No,Fully Recovered,1
TXN855810534663,19-03-2025,16:00:11,Wednesday,OTP Sharing,Job Offer/Part-time Work,28200,Google Pay,P2P,mb9943@okicici,txn4493@okaxis,Canara Bank,Rajasthan,18-25,Female,Retired,Android,No,Yes,1-6 hours,No,Partially Recovered,1
TXN751339331489,28-11-2024,09:04:07,Thursday,Vishing,KYC Update Required,12750,Paytm,P2P,txn7819@paytm,pay4377@okicici,Yes Bank,Gujarat,36-45,Male,Homemaker,Android,Yes,Yes,< 1 hour,Yes,Not Recovered,1
TXN656368873070,15-01-2025,10:28:26,Wednesday,Vishing,Delivery Agent Scam,1900,BHIM,P2M,pay8605@oksbi,txn1869@oksbi,HDFC Bank,Karnataka,26-35,Male,Salaried Employee,Android,Yes,No,< 1 hour,Yes,Not Recovered,1
TXN632700778895,25-07-2023,19:43:54,Tuesday,Remote Access Scam,Prize/Lottery Win,6450,PhonePe,P2P,mb2901@okhdfcbank,pay8287@ibl,Punjab National Bank,Telangana,56-65,Male,Self-employed/Business,iOS,Yes,No,< 1 hour,No,Not Recovered,1
TXN792323623688,03-06-2024,09:43:57,Monday,Vishing,KYC Update Required,15350,PhonePe,Collect Request,txn5418@oksbi,txn3084@okaxis,Axis Bank,Maharashtra,26-35,Male,Self-employed/Business,Android,Yes,Yes,1-6 hours,Yes,Not Recovered,1
TXN622231863307,09-03-2025,15:17:08,Sunday,Phishing,Electricity Bill Disconnection,3700,Google Pay,P2M,acct5573@okaxis,acct5041@oksbi,Punjab National Bank,Telangana,26-35,Female,Farmer,Android,Yes,No,1-3 days,No,Not Recovered,1
TXN906135983187,01-03-2024,13:14:57,Friday,Social Engineering,Job Offer/Part-time Work,87600,Amazon Pay,P2M,acct4571@okicici,txn5846@oksbi,ICICI Bank,Haryana,26-35,Male,Retired,Android,Yes,No,6-24 hours,No,Not Recovered,1
TXN681250405931,23-01-2025,23:01:30,Thursday,OTP Sharing,Investment Scheme,1450,PhonePe,P2M,user5859@axl,txn9887@oksbi,ICICI Bank,Punjab,46-55,Male,Self-employed/Business,iOS,Yes,No,6-24 hours,No,Not Recovered,1
TXN626773608807,02-03-2025,07:56:21,Sunday,SIM Swap,Refund Processing,1900,PhonePe,P2P,mb4437@oksbi,txn6778@ybl,Punjab National Bank,Uttar Pradesh,18-25,Male,Student,Android,Yes,No,1-3 days,Yes,Not Recovered,1
TXN186274334156,28-08-2024,17:17:03,Wednesday,Phishing,Investment Scheme,4000,Google Pay,Collect Request,acct3929@ybl,user2791@okicici,ICICI Bank,Delhi,46-55,Male,Homemaker,Android,Yes,No,6-24 hours,No,Under Investigation,1
TXN476147672122,08-01-2024,08:09:31,Monday,Phishing,Customer Care Impersonation,1800,Paytm,P2M,txn8965@apl,mb8295@paytm,Kotak Mahindra Bank,Karnataka,26-35,Female,Salaried Employee,Android,Yes,Yes,< 1 hour,No,Partially Recovered,1
TXN276752871335,06-02-2024,15:57:50,Tuesday,Vishing,Customer Care Impersonation,13700,PhonePe,P2P,pay2915@okaxis,txn3072@paytm,SBI,Delhi,66+,Female,Homemaker,Feature Phone,No,Yes,1-6 hours,No,Under Investigation,1
TXN875874004889,23-12-2023,12:13:35,Saturday,OTP Sharing,KYC Update Required,7800,Google Pay,P2P,txn8764@ybl,mb3409@paytm,Other,Telangana,26-35,Female,Daily Wage Worker,iOS,Yes,Yes,3-7 days,No,Not Recovered,1
TXN837347372732,12-03-2024,17:46:30,Tuesday,Social Engineering,Refund Processing,1650,PhonePe,P2P,user9385@axl,pay9035@ibl,Punjab National Bank,Karnataka,18-25,Female,Student,Android,Yes,No,1-3 days,Yes,Partially Recovered,1
TXN900684262475,08-12-2024,16:03:58,Sunday,OTP Sharing,Digital Arrest Threat,4950,PhonePe,P2P,acct3286@okhdfcbank,pay4404@ybl,Yes Bank,Punjab,26-35,Male,Homemaker,Android,Yes,No,6-24 hours,No,Under Investigation,1
TXN433225932101,30-07-2024,23:33:21,Tuesday,Phishing,Customer Care Impersonation,99550,PhonePe,P2P,acct8593@oksbi,user1040@okicici,Axis Bank,Uttar Pradesh,18-25,Female,Salaried Employee,Feature Phone,No,Yes,1-3 days,No,Not Recovered,1
TXN508535501147,25-12-2023,11:40:53,Monday,OTP Sharing,KYC Update Required,1850,Google Pay,P2P,mb1287@ybl,pay1958@okicici,HDFC Bank,Haryana,26-35,Male,Salaried Employee,Feature Phone,No,Yes,1-3 days,No,Not Recovered,1
TXN979115239884,22-02-2024,13:44:08,Thursday,Vishing,Impersonation of Known Person,1250,PhonePe,P2M,txn5447@ibl,user9755@ibl,Axis Bank,Rajasthan,56-65,Male,Salaried Employee,iOS,No,No,< 1 hour,No,Partially Recovered,1
TXN185538702509,26-08-2023,01:33:18,Saturday,Vishing,Delivery Agent Scam,7800,Google Pay,Collect Request,user3150@okaxis,acct6705@ybl,Axis Bank,Bihar,18-25,Male,Farmer,Android,No,Yes,1-3 days,No,Not Recovered,1
TXN931008547062,08-03-2025,12:52:28,Saturday,Social Engineering,Loan Offer,7800,PhonePe,P2P,acct1696@oksbi,user1537@apl,Bank of Baroda,Telangana,26-35,Female,Salaried Employee,Android,Yes,Yes,> 7 days,No,Not Recovered,1
TXN902217436696,28-11-2024,06:07:58,Thursday,Vishing,Prize/Lottery Win,1850,Google Pay,P2M,mb4962@apl,mb2119@okhdfcbank,Bank of Baroda,Karnataka,18-25,Male,Salaried Employee,Android,Yes,No,1-3 days,No,Not Recovered,1
TXN663561015610,13-11-2024,18:33:13,Wednesday,OTP Sharing,Job Offer/Part-time Work,61250,PhonePe,P2P,pay7677@okhdfcbank,txn3025@paytm,Bank of Baroda,Haryana,36-45,Female,Student,Android,Yes,Yes,6-24 hours,Yes,Under Investigation,1
TXN506643771715,22-07-2023,14:31:48,Saturday,Vishing,Refund Processing,4950,PhonePe,P2M,pay1209@paytm,user7494@paytm,Other,Karnataka,26-35,Male,Student,Android,Yes,No,1-6 hours,Yes,Partially Recovered,1
TXN398902450645,17-09-2024,16:05:07,Tuesday,Phishing,Prize/Lottery Win,4400,PhonePe,P2P,acct6834@paytm,mb7626@paytm,SBI,Kerala,46-55,Female,Self-employed/Business,iOS,No,No,1-6 hours,No,Not Recovered,1
TXN944046753592,05-09-2024,10:49:29,Thursday,Phishing,Job Offer/Part-time Work,4050,Google Pay,Collect Request,acct8635@oksbi,txn9157@paytm,SBI,Maharashtra,56-65,Male,Student,Android,No,Yes,1-6 hours,No,Not Recovered,1
TXN887321019258,29-08-2024,10:21:51,Thursday,Fake UPI App,Customer Care Impersonation,5250,PhonePe,Collect Request,acct8986@okhdfcbank,mb9037@apl,SBI,Odisha,56-65,Male,Student,Android,Yes,No,1-3 days,Yes,Fully Recovered,1
TXN791023055912,02-03-2025,14:30:30,Sunday,Fake Collect Request,Digital Arrest Threat,600,Google Pay,P2P,txn7235@okhdfcbank,acct6654@ibl,HDFC Bank,Uttar Pradesh,36-45,Female,Salaried Employee,Android,Yes,No,1-3 days,No,Not Recovered,1
TXN513676279109,26-05-2024,11:42:15,Sunday,Vishing,Job Offer/Part-time Work,9850,PhonePe,P2P,mb7394@ibl,mb2601@paytm,SBI,Karnataka,46-55,Female,Self-employed/Business,Android,Yes,Yes,6-24 hours,Yes,Not Recovered,1
TXN783869972943,12-07-2023,17:13:21,Wednesday,QR Code Swap,Investment Scheme,20950,PhonePe,P2M,user2552@ibl,txn2102@apl,Kotak Mahindra Bank,Uttar Pradesh,36-45,Male,Student,iOS,Yes,No,1-6 hours,No,Not Recovered,1
TXN394064794239,30-07-2024,13:22:50,Tuesday,Phishing,Electricity Bill Disconnection,18250,PhonePe,P2P,mb8106@okaxis,mb4287@ibl,ICICI Bank,West Bengal,26-35,Male,Salaried Employee,iOS,Yes,Yes,< 1 hour,No,Not Recovered,1
TXN608139902526,17-07-2024,09:09:47,Wednesday,OTP Sharing,Refund Processing,3800,Google Pay,Collect Request,acct8145@axl,user4309@okicici,HDFC Bank,Rajasthan,56-65,Female,Homemaker,Android,Yes,No,1-6 hours,Yes,Not Recovered,1
TXN898175908261,05-01-2024,08:16:50,Friday,SIM Swap,Investment Scheme,6450,Google Pay,P2P,pay4867@okhdfcbank,mb9196@okhdfcbank,HDFC Bank,Andhra Pradesh,18-25,Female,Salaried Employee,Android,No,No,3-7 days,No,Fully Recovered,1
TXN162661343522,16-09-2024,17:37:49,Monday,Social Engineering,Customer Care Impersonation,2350,PhonePe,P2M,acct9740@ibl,user6185@apl,Kotak Mahindra Bank,Maharashtra,18-25,Female,Self-employed/Business,Android,Yes,Yes,< 1 hour,No,Not Recovered,1
TXN498146117496,07-06-2024,13:15:17,Friday,Fake UPI App,KYC Update Required,73800,Google Pay,Collect Request,user9763@oksbi,acct7364@okaxis,Kotak Mahindra Bank,Rajasthan,26-35,Male,Salaried Employee,iOS,Yes,No,3-7 days,Yes,Not Recovered,1
TXN468684989749,07-05-2024,21:58:16,Tuesday,Vishing,Investment Scheme,99600,Paytm,P2M,acct2644@okicici,txn9295@okhdfcbank,Kotak Mahindra Bank,Maharashtra,26-35,Female,Salaried Employee,Android,Yes,Yes,1-3 days,No,Partially Recovered,1
TXN816532062801,26-03-2024,13:46:52,Tuesday,Fake Collect Request,KYC Update Required,4850,Google Pay,P2M,pay7722@ibl,acct8837@okicici,ICICI Bank,Karnataka,18-25,Female,Self-employed/Business,Android,No,No,< 1 hour,No,Not Recovered,1
TXN152264408884,23-12-2023,09:37:52,Saturday,Vishing,Prize/Lottery Win,2350,Paytm,Collect Request,acct8027@ybl,pay2459@ibl,Other,Rajasthan,26-35,Female,Student,Feature Phone,Yes,Yes,6-24 hours,No,Fully Recovered,1
TXN560374809291,22-09-2023,22:07:00,Friday,OTP Sharing,Delivery Agent Scam,3850,PhonePe,Collect Request,pay7693@okicici,user5754@ybl,HDFC Bank,West Bengal,36-45,Male,Self-employed/Business,iOS,No,Yes,6-24 hours,Yes,Not Recovered,1
TXN760575627385,28-11-2023,16:58:15,Tuesday,Vishing,Prize/Lottery Win,8750,BHIM,P2P,user1087@ybl,mb7241@ybl,ICICI Bank,Karnataka,36-45,Female,Student,Android,No,Yes,< 1 hour,Yes,Not Recovered,1
TXN411084850715,09-05-2024,17:08:57,Thursday,Fake Collect Request,Loan Offer,7150,PhonePe,P2P,txn5321@apl,txn8139@okicici,ICICI Bank,Telangana,36-45,Male,Self-employed/Business,Android,Yes,No,3-7 days,No,Not Recovered,1
TXN222376453993,18-02-2024,18:31:48,Sunday,Remote Access Scam,Loan Offer,8600,PhonePe,P2P,pay3025@ibl,user4337@ybl,ICICI Bank,Karnataka,18-25,Male,Daily Wage Worker,Feature Phone,Yes,No,< 1 hour,No,Not Recovered,1
TXN750144482408,02-10-2023,20:47:32,Monday,Fake UPI App,Impersonation of Known Person,9800,Google Pay,P2P,user6300@okicici,user2328@paytm,HDFC Bank,Telangana,66+,Male,Salaried Employee,Android,Yes,No,1-6 hours,No,Not Recovered,1
TXN180504007993,25-03-2025,16:29:40,Tuesday,Remote Access Scam,Digital Arrest Threat,5050,PhonePe,Collect Request,mb7248@okhdfcbank,acct5180@okicici,IndusInd Bank,Uttar Pradesh,18-25,Female,Salaried Employee,iOS,No,No,1-3 days,Yes,Partially Recovered,1
TXN637729352538,02-12-2023,22:55:25,Saturday,Phishing,Refund Processing,30350,BHIM,P2P,acct7358@paytm,txn7931@okhdfcbank,Canara Bank,Uttar Pradesh,26-35,Female,Daily Wage Worker,iOS,Yes,Yes,1-3 days,Yes,Not Recovered,1
TXN241666001158,06-06-2024,19:39:11,Thursday,QR Code Swap,Impersonation of Known Person,2150,Google Pay,P2M,txn5073@apl,acct5841@okaxis,Axis Bank,Delhi,66+,Female,Salaried Employee,Android,Yes,No,6-24 hours,No,Not Recovered,1
TXN745593483734,16-10-2024,07:02:32,Wednesday,Phishing,Delivery Agent Scam,2400,PhonePe,P2M,acct8371@ybl,txn4066@oksbi,SBI,Rajasthan,46-55,Female,Self-employed/Business,iOS,Yes,Yes,1-3 days,Yes,Partially Recovered,1
TXN860050905807,07-10-2023,07:38:16,Saturday,Fake UPI App,Customer Care Impersonation,1600,Google Pay,P2M,acct5958@okhdfcbank,pay3213@okaxis,Punjab National Bank,Karnataka,26-35,Male,Homemaker,iOS,No,No,1-6 hours,No,Partially Recovered,1
TXN617479335825,13-10-2023,08:01:44,Friday,Remote Access Scam,Job Offer/Part-time Work,31850,Google Pay,Collect Request,user8364@oksbi,pay5830@axl,SBI,Delhi,18-25,Male,Salaried Employee,iOS,No,No,1-6 hours,No,Not Recovered,1
TXN119448938243,23-05-2023,11:06:40,Tuesday,Fake UPI App,Customer Care Impersonation,3700,Google Pay,P2P,acct6174@apl,user5388@axl,ICICI Bank,Punjab,46-55,Female,Student,Android,No,No,6-24 hours,Yes,Partially Recovered,1
TXN842776785203,28-07-2024,08:39:41,Sunday,Vishing,Job Offer/Part-time Work,10350,PhonePe,P2M,txn8738@okicici,mb4394@ybl,Bank of Baroda,Telangana,46-55,Male,Retired,Feature Phone,No,Yes,6-24 hours,No,Not Recovered,1
TXN573896962291,08-03-2025,18:42:30,Saturday,Phishing,Job Offer/Part-time Work,1750,PhonePe,P2P,user4714@okhdfcbank,mb4671@paytm,Other,Delhi,46-55,Female,Salaried Employee,Android,Yes,No,6-24 hours,No,Not Recovered,1
TXN215738130825,21-12-2023,23:50:22,Thursday,SIM Swap,Loan Offer,19150,Google Pay,P2M,mb1687@apl,user3736@okhdfcbank,Other,Maharashtra,18-25,Female,Self-employed/Business,Android,No,No,1-3 days,Yes,Not Recovered,1
TXN509164421558,28-10-2023,21:10:46,Saturday,Vishing,KYC Update Required,4050,PhonePe,Collect Request,acct6908@oksbi,pay9677@axl,SBI,Delhi,56-65,Male,Homemaker,Feature Phone,Yes,Yes,< 1 hour,Yes,Partially Recovered,1
TXN265963831708,20-11-2023,08:27:26,Monday,Social Engineering,Delivery Agent Scam,41900,PhonePe,P2P,mb1947@apl,txn7869@axl,Other,Madhya Pradesh,26-35,Male,Self-employed/Business,Android,No,Yes,> 7 days,Yes,Not Recovered,1
TXN191489380787,26-02-2025,17:55:19,Wednesday,OTP Sharing,Customer Care Impersonation,3400,Paytm,P2M,user9805@ibl,acct3064@apl,SBI,Karnataka,26-35,Male,Homemaker,Android,No,Yes,6-24 hours,No,Not Recovered,1
TXN816213971338,05-10-2024,10:05:32,Saturday,Fake Collect Request,Refund Processing,6300,PhonePe,Collect Request,user8352@ybl,mb1085@paytm,ICICI Bank,Karnataka,56-65,Male,Homemaker,Android,Yes,No,1-3 days,No,Not Recovered,1
TXN209325427254,13-03-2024,23:51:47,Wednesday,Money Mule,Job Offer/Part-time Work,9350,Google Pay,Collect Request,pay7974@axl,user2511@okaxis,SBI,Punjab,26-35,Male,Homemaker,Android,No,No,< 1 hour,Yes,Not Recovered,1
TXN883766095125,09-06-2024,21:30:13,Sunday,QR Code Swap,Electricity Bill Disconnection,4150,Paytm,P2M,acct3119@apl,mb2934@oksbi,Other,Uttar Pradesh,36-45,Female,Daily Wage Worker,Android,Yes,No,1-3 days,Yes,Not Recovered,1
TXN438848236181,10-07-2024,13:47:10,Wednesday,Remote Access Scam,Prize/Lottery Win,2500,Google Pay,P2P,txn4532@okicici,acct1034@okhdfcbank,HDFC Bank,Tamil Nadu,26-35,Male,Self-employed/Business,Feature Phone,Yes,No,6-24 hours,Yes,Partially Recovered,1
TXN832827808870,12-10-2024,11:55:02,Saturday,QR Code Swap,KYC Update Required,9650,Google Pay,Collect Request,mb7711@axl,pay7478@ibl,SBI,Rajasthan,26-35,Male,Homemaker,Android,Yes,No,6-24 hours,No,Not Recovered,1
TXN925447169891,05-10-2024,06:42:56,Saturday,QR Code Swap,Job Offer/Part-time Work,2350,Google Pay,P2M,acct9235@okaxis,user9713@okicici,SBI,Punjab,46-55,Female,Salaried Employee,Android,Yes,No,6-24 hours,Yes,Not Recovered,1
TXN693132121536,20-04-2023,10:13:15,Thursday,Fake UPI App,Investment Scheme,19500,PhonePe,P2P,pay5675@okicici,pay5187@okhdfcbank,SBI,Rajasthan,46-55,Female,Self-employed/Business,Android,Yes,No,1-3 days,Yes,Not Recovered,1
TXN523073267793,05-09-2023,11:26:43,Tuesday,Phishing,Investment Scheme,7650,PhonePe,P2P,user5412@okaxis,txn8615@apl,HDFC Bank,Telangana,46-55,Male,Daily Wage Worker,Feature Phone,Yes,Yes,< 1 hour,No,Not Recovered,1
TXN369646738416,21-05-2024,06:01:26,Tuesday,OTP Sharing,Delivery Agent Scam,25600,PhonePe,P2M,mb7942@apl,acct1684@okaxis,HDFC Bank,Maharashtra,66+,Female,Salaried Employee,Android,Yes,No,6-24 hours,No,Not Recovered,1
TXN895168743089,19-07-2024,22:39:18,Friday,OTP Sharing,Refund Processing,600,Google Pay,P2P,mb5578@axl,pay9270@ibl,Punjab National Bank,Bihar,36-45,Female,Self-employed/Business,Android,Yes,Yes,< 1 hour,No,Partially Recovered,1
TXN868349326215,27-02-2025,22:40:16,Thursday,Remote Access Scam,KYC Update Required,14450,PhonePe,P2M,acct7435@apl,user2270@apl,Bank of Baroda,Maharashtra,66+,Male,Salaried Employee,Android,Yes,No,6-24 hours,No,Fully Recovered,1
TXN311990227098,02-05-2023,21:52:42,Tuesday,QR Code Swap,KYC Update Required,1250,Google Pay,P2M,user5967@oksbi,pay9090@ibl,ICICI Bank,West Bengal,26-35,Male,Self-employed/Business,Feature Phone,No,No,1-6 hours,Yes,Not Recovered,1
TXN726779882179,08-05-2023,10:57:45,Monday,OTP Sharing,Prize/Lottery Win,900,PhonePe,P2M,pay9570@ybl,pay1378@apl,SBI,Odisha,36-45,Male,Homemaker,iOS,No,Yes,6-24 hours,No,Not Recovered,1
TXN563505962111,20-12-2024,10:35:56,Friday,QR Code Swap,Customer Care Impersonation,92000,PhonePe,Collect Request,mb8354@ibl,user7420@oksbi,SBI,Andhra Pradesh,36-45,Female,Self-employed/Business,Android,Yes,No,6-24 hours,No,Not Recovered,1
TXN672663401870,08-03-2024,07:36:51,Friday,Phishing,Electricity Bill Disconnection,21300,PhonePe,P2P,pay2194@paytm,user8314@okhdfcbank,SBI,Rajasthan,18-25,Male,Retired,Android,Yes,Yes,6-24 hours,Yes,Not Recovered,1
TXN965863585178,27-06-2023,22:58:02,Tuesday,Vishing,Electricity Bill Disconnection,47700,PhonePe,P2P,mb1173@paytm,acct8605@axl,SBI,Karnataka,18-25,Female,Student,Android,No,Yes,1-6 hours,Yes,Not Recovered,1
TXN976764628140,26-12-2024,16:21:41,Thursday,Social Engineering,Electricity Bill Disconnection,17450,PhonePe,P2M,user1991@okicici,txn8140@apl,Yes Bank,Delhi,36-45,Male,Salaried Employee,Feature Phone,No,Yes,6-24 hours,Yes,Not Recovered,1
TXN964152836923,27-01-2025,18:19:37,Monday,Social Engineering,Electricity Bill Disconnection,12400,BHIM,P2M,user6595@oksbi,acct8657@ibl,SBI,Rajasthan,36-45,Male,Retired,Android,No,Yes,6-24 hours,Yes,Not Recovered,1
TXN108546461143,13-11-2024,15:21:39,Wednesday,Vishing,Prize/Lottery Win,2450,PhonePe,P2P,txn1162@okhdfcbank,txn1491@apl,HDFC Bank,Rajasthan,46-55,Male,Salaried Employee,Android,No,Yes,1-3 days,Yes,Under Investigation,1
TXN818886999284,27-07-2023,08:28:12,Thursday,OTP Sharing,Loan Offer,36800,PhonePe,Collect Request,user6544@oksbi,txn8474@oksbi,HDFC Bank,Karnataka,18-25,Male,Salaried Employee,Android,Yes,Yes,< 1 hour,No,Partially Recovered,1
TXN746890914545,13-04-2024,19:42:10,Saturday,Remote Access Scam,Delivery Agent Scam,90850,PhonePe,Collect Request,pay9773@ybl,pay6368@oksbi,SBI,Haryana,56-65,Male,Self-employed/Business,Android,Yes,No,6-24 hours,Yes,Under Investigation,1
TXN631263873744,25-05-2023,16:17:55,Thursday,Phishing,KYC Update Required,9800,PhonePe,P2M,acct8762@ybl,mb7569@okaxis,Axis Bank,Haryana,26-35,Male,Student,iOS,Yes,Yes,6-24 hours,Yes,Not Recovered,1
TXN613038787887,30-10-2023,10:12:28,Monday,Fake UPI App,KYC Update Required,3250,Google Pay,P2P,acct7700@ibl,acct6194@ybl,Kotak Mahindra Bank,Rajasthan,26-35,Male,Self-employed/Business,Android,Yes,No,1-6 hours,No,Not Recovered,1
TXN404278883252,26-04-2024,03:28:14,Friday,Vishing,Prize/Lottery Win,650,PhonePe,P2P,pay3258@apl,txn1139@ybl,SBI,Maharashtra,36-45,Male,Student,Android,No,No,1-6 hours,Yes,Not Recovered,1
TXN475643857543,14-01-2024,19:50:25,Sunday,Remote Access Scam,Customer Care Impersonation,22400,Google Pay,P2P,user6129@oksbi,acct7843@oksbi,HDFC Bank,Andhra Pradesh,36-45,Male,Self-employed/Business,iOS,No,No,6-24 hours,No,Partially Recovered,1
TXN268101303699,23-06-2024,13:35:01,Sunday,Vishing,Prize/Lottery Win,6050,Google Pay,P2P,txn7404@axl,pay7400@okhdfcbank,ICICI Bank,Maharashtra,46-55,Male,Homemaker,iOS,Yes,Yes,6-24 hours,No,Not Recovered,1
TXN503973685368,29-09-2024,12:30:06,Sunday,Vishing,Loan Offer,91900,Google Pay,P2P,mb1180@okicici,txn7731@axl,ICICI Bank,Haryana,18-25,Male,Salaried Employee,Android,No,Yes,3-7 days,Yes,Not Recovered,1
TXN590239129169,08-09-2023,23:08:34,Friday,QR Code Swap,Loan Offer,16350,PhonePe,P2P,user7541@oksbi,mb6388@paytm,ICICI Bank,Kerala,56-65,Male,Daily Wage Worker,Android,Yes,No,6-24 hours,No,Not Recovered,1
TXN362180542522,15-07-2024,13:02:47,Monday,Phishing,Investment Scheme,8750,PhonePe,Collect Request,pay5485@apl,txn2093@oksbi,ICICI Bank,Uttar Pradesh,46-55,Female,Student,Android,No,Yes,6-24 hours,No,Not Recovered,1
TXN225630395011,18-08-2024,12:48:35,Sunday,Phishing,KYC Update Required,2450,PhonePe,P2P,pay6359@paytm,acct8558@okhdfcbank,SBI,Delhi,46-55,Male,Homemaker,Android,Yes,Yes,6-24 hours,Yes,Not Recovered,1
TXN687014844720,24-06-2023,15:15:45,Saturday,Remote Access Scam,Job Offer/Part-time Work,1050,PhonePe,P2P,pay8242@okaxis,mb2684@axl,ICICI Bank,Punjab,18-25,Male,Homemaker,Android,Yes,No,6-24 hours,Yes,Not Recovered,1
TXN283498232147,07-03-2025,11:03:38,Friday,Phishing,KYC Update Required,22550,PhonePe,P2P,user7810@apl,user6359@ibl,SBI,Telangana,26-35,Female,Homemaker,iOS,No,Yes,< 1 hour,Yes,Under Investigation,1
TXN943108669731,27-10-2024,16:39:13,Sunday,Social Engineering,Refund Processing,3750,PhonePe,P2P,mb9185@okhdfcbank,mb3809@ybl,ICICI Bank,Telangana,26-35,Male,Salaried Employee,Android,Yes,Yes,1-3 days,Yes,Not Recovered,1
TXN353460157792,07-07-2023,15:40:44,Friday,Vishing,Electricity Bill Disconnection,47750,Google Pay,Collect Request,user3032@ybl,pay8020@oksbi,SBI,Telangana,18-25,Female,Daily Wage Worker,Android,Yes,Yes,6-24 hours,No,Not Recovered,1
TXN925872626056,25-12-2024,07:08:23,Wednesday,QR Code Swap,Loan Offer,1250,Google Pay,Collect Request,user4752@ibl,txn4969@oksbi,HDFC Bank,Telangana,18-25,Female,Student,Android,No,No,1-3 days,No,Not Recovered,1
TXN703840750689,04-10-2024,06:58:42,Friday,Money Mule,KYC Update Required,21400,PhonePe,P2P,pay4871@apl,user7983@paytm,Yes Bank,Gujarat,36-45,Male,Salaried Employee,Android,Yes,No,6-24 hours,Yes,Not Recovered,1
TXN631689285641,13-02-2024,09:12:15,Tuesday,QR Code Swap,KYC Update Required,7500,PhonePe,P2M,user7249@axl,user5918@apl,Other,Maharashtra,26-35,Female,Salaried Employee,Android,No,No,6-24 hours,No,Not Recovered,1
TXN522509440142,04-09-2023,15:11:16,Monday,Vishing,Prize/Lottery Win,3150,PhonePe,P2M,acct6043@okhdfcbank,acct1636@okhdfcbank,SBI,Uttar Pradesh,36-45,Male,Self-employed/Business,Android,No,No,6-24 hours,No,Not Recovered,1
TXN833140057272,29-04-2024,21:10:12,Monday,SIM Swap,Electricity Bill Disconnection,99250,Google Pay,P2M,pay5281@paytm,pay5166@oksbi,Other,Gujarat,36-45,Male,Salaried Employee,iOS,No,No,< 1 hour,No,Partially Recovered,1
TXN904481643507,07-12-2024,15:42:53,Saturday,Phishing,Job Offer/Part-time Work,700,Google Pay,Collect Request,acct2456@okhdfcbank,mb6642@okicici,SBI,Andhra Pradesh,56-65,Male,Retired,Android,No,Yes,1-6 hours,No,Not Recovered,1
TXN335425928472,01-01-2024,18:59:47,Monday,Vishing,Electricity Bill Disconnection,2700,Google Pay,P2M,pay4292@okaxis,pay4143@ybl,Kotak Mahindra Bank,West Bengal,18-25,Male,Self-employed/Business,Android,No,Yes,6-24 hours,Yes,Not Recovered,1
TXN969826803572,23-05-2024,13:58:39,Thursday,Phishing,Customer Care Impersonation,5650,PhonePe,P2M,user7154@apl,txn8961@paytm,Bank of Baroda,Maharashtra,26-35,Male,Salaried Employee,Android,No,Yes,1-3 days,No,Not Recovered,1
TXN683552934230,11-03-2024,16:21:23,Monday,OTP Sharing,Refund Processing,3300,PhonePe,P2P,txn5072@ibl,acct8785@apl,HDFC Bank,West Bengal,56-65,Female,Self-employed/Business,Android,Yes,Yes,6-24 hours,No,Partially Recovered,1
TXN903590338399,28-05-2024,16:00:40,Tuesday,Remote Access Scam,Prize/Lottery Win,10250,Google Pay,P2M,acct5814@oksbi,pay9520@apl,ICICI Bank,Andhra Pradesh,56-65,Female,Retired,iOS,Yes,No,1-6 hours,No,Fully Recovered,1
TXN943460666223,03-05-2023,08:50:05,Wednesday,Vishing,Job Offer/Part-time Work,9500,BHIM,P2M,txn4610@ybl,acct3016@okicici,HDFC Bank,Odisha,36-45,Female,Daily Wage Worker,Android,Yes,No,6-24 hours,No,Not Recovered,1
TXN418324464518,29-09-2024,16:31:05,Sunday,SIM Swap,Loan Offer,2900,Google Pay,P2P,user2824@okhdfcbank,txn4082@okhdfcbank,Kotak Mahindra Bank,Bihar,46-55,Female,Student,Android,Yes,No,6-24 hours,No,Partially Recovered,1
TXN606172040665,07-11-2024,12:54:20,Thursday,Remote Access Scam,Delivery Agent Scam,5001,PhonePe,P2P,txn3370@ybl,pay9189@paytm,Canara Bank,Maharashtra,36-45,Male,Salaried Employee,Feature Phone,Yes,No,6-24 hours,Yes,Not Recovered,1
TXN330711754554,29-08-2023,16:09:47,Tuesday,OTP Sharing,Investment Scheme,21500,Google Pay,P2P,pay1861@okicici,acct7419@ybl,Axis Bank,Karnataka,26-35,Male,Salaried Employee,Android,No,Yes,1-6 hours,Yes,Under Investigation,1
TXN881403051485,04-02-2025,21:10:01,Tuesday,Fake Collect Request,Refund Processing,4800,PhonePe,P2M,txn8496@okicici,mb3253@paytm,Other,Rajasthan,26-35,Male,Student,Android,No,No,< 1 hour,No,Not Recovered,1
TXN229074384926,13-03-2025,14:57:09,Thursday,Phishing,Digital Arrest Threat,13200,Google Pay,P2M,mb6545@axl,pay7619@oksbi,SBI,Gujarat,18-25,Female,Self-employed/Business,Feature Phone,No,Yes,1-3 days,Yes,Fully Recovered,1
TXN347002489010,05-05-2023,08:25:31,Friday,Vishing,Delivery Agent Scam,6400,Google Pay,P2M,user8856@ybl,user3967@axl,Yes Bank,Andhra Pradesh,26-35,Female,Salaried Employee,Android,Yes,Yes,6-24 hours,Yes,Not Recovered,1
TXN925166680433,08-08-2024,23:44:27,Thursday,Vishing,KYC Update Required,1150,PhonePe,Collect Request,pay2922@okicici,mb3948@okaxis,Axis Bank,Karnataka,56-65,Female,Retired,Android,No,No,6-24 hours,No,Not Recovered,1
TXN822814635507,20-10-2024,13:20:07,Sunday,Phishing,Refund Processing,6300,PhonePe,P2P,mb8289@okicici,mb9035@ibl,Other,Karnataka,26-35,Female,Farmer,Android,No,No,6-24 hours,Yes,Not Recovered,1
TXN517731415907,17-09-2024,21:22:38,Tuesday,Fake Collect Request,Prize/Lottery Win,700,PhonePe,Collect Request,pay7554@paytm,user5164@axl,SBI,Andhra Pradesh,18-25,Male,Student,Android,Yes,No,1-6 hours,Yes,Partially Recovered,1
TXN684650796321,12-03-2025,08:13:04,Wednesday,Fake Collect Request,Electricity Bill Disconnection,4600,Google Pay,Collect Request,user9984@axl,user6396@okhdfcbank,ICICI Bank,Gujarat,26-35,Male,Farmer,Android,Yes,No,6-24 hours,No,Not Recovered,1
TXN398721599284,06-04-2024,21:49:17,Saturday,Phishing,Impersonation of Known Person,14500,PhonePe,P2P,mb2623@okaxis,pay6210@axl,SBI,Karnataka,26-35,Female,Self-employed/Business,iOS,No,No,1-3 days,No,Not Recovered,1
TXN373922397667,03-10-2023,11:47:43,Tuesday,Remote Access Scam,Loan Offer,9850,PhonePe,P2M,mb7852@paytm,pay8191@ibl,Punjab National Bank,Haryana,26-35,Female,Student,Android,Yes,No,1-6 hours,No,Fully Recovered,1
TXN645158433677,23-07-2024,14:17:27,Tuesday,Fake Collect Request,Investment Scheme,23350,PhonePe,P2M,user7946@apl,pay8858@paytm,Punjab National Bank,Maharashtra,36-45,Male,Salaried Employee,Android,Yes,No,< 1 hour,Yes,Not Recovered,1
TXN592234921273,09-09-2024,17:43:56,Monday,Fake Collect Request,Loan Offer,550,Google Pay,P2M,pay9577@oksbi,pay2230@ibl,HDFC Bank,Tamil Nadu,56-65,Female,Farmer,iOS,No,No,1-3 days,No,Fully Recovered,1
TXN808494089748,15-08-2023,14:03:27,Tuesday,QR Code Swap,Refund Processing,750,Paytm,Collect Request,mb1580@paytm,mb8999@okaxis,ICICI Bank,Uttar Pradesh,36-45,Female,Salaried Employee,Android,No,No,6-24 hours,No,Not Recovered,1
TXN500717377609,30-03-2024,00:29:21,Saturday,Vishing,KYC Update Required,1200,PhonePe,P2M,acct3984@apl,txn2780@paytm,Axis Bank,Haryana,26-35,Male,Salaried Employee,Android,Yes,Yes,6-24 hours,No,Not Recovered,1
TXN978301774979,01-02-2025,20:10:08,Saturday,Vishing,Customer Care Impersonation,3450,PhonePe,P2P,pay6322@axl,mb7370@okicici,HDFC Bank,Haryana,46-55,Male,Student,Android,Yes,Yes,3-7 days,No,Under Investigation,1
TXN227847121583,22-07-2023,22:50:01,Saturday,Phishing,Loan Offer,2050,PhonePe,Collect Request,txn5052@axl,pay8764@okhdfcbank,ICICI Bank,Madhya Pradesh,26-35,Female,Self-employed/Business,Android,Yes,Yes,1-3 days,Yes,Not Recovered,1
TXN569595308145,18-03-2025,18:39:11,Tuesday,Phishing,Impersonation of Known Person,45600,PhonePe,Collect Request,acct2005@apl,acct1846@ybl,ICICI Bank,Andhra Pradesh,26-35,Male,Salaried Employee,Android,No,Yes,< 1 hour,Yes,Not Recovered,1
TXN461336921845,22-07-2023,10:17:22,Saturday,OTP Sharing,Refund Processing,2200,PhonePe,P2P,txn6920@apl,mb7088@oksbi,Punjab National Bank,Telangana,18-25,Female,Salaried Employee,Android,No,Yes,6-24 hours,Yes,Not Recovered,1
TXN270599405826,25-01-2025,10:37:24,Saturday,Phishing,Prize/Lottery Win,1800,Paytm,P2M,user3094@oksbi,acct5137@apl,Bank of Baroda,Gujarat,18-25,Female,Salaried Employee,Feature Phone,No,Yes,6-24 hours,No,Not Recovered,1
TXN280710686831,21-03-2024,21:28:40,Thursday,OTP Sharing,Refund Processing,27200,Google Pay,P2P,acct9344@axl,mb7393@axl,Other,Delhi,36-45,Female,Farmer,Android,No,Yes,< 1 hour,Yes,Under Investigation,1
TXN396923851219,12-12-2024,10:11:00,Thursday,Phishing,Prize/Lottery Win,1950,Google Pay,P2M,user5079@oksbi,mb2903@okaxis,Yes Bank,Karnataka,56-65,Male,Salaried Employee,Android,Yes,Yes,< 1 hour,No,Not Recovered,1
TXN958731538802,24-01-2025,11:38:23,Friday,Vishing,Electricity Bill Disconnection,86000,PhonePe,Collect Request,mb2743@axl,txn4377@paytm,SBI,Maharashtra,18-25,Female,Homemaker,Android,No,No,1-6 hours,Yes,Not Recovered,1
TXN439392813872,12-11-2023,11:13:37,Sunday,Fake Collect Request,KYC Update Required,37950,PhonePe,Collect Request,pay3911@axl,mb4077@okhdfcbank,SBI,Telangana,26-35,Female,Retired,Android,No,No,1-6 hours,No,Not Recovered,1
TXN115460323983,25-08-2023,07:15:29,Friday,Social Engineering,Customer Care Impersonation,56550,PhonePe,P2P,user2742@apl,txn2392@oksbi,SBI,Gujarat,18-25,Female,Retired,Android,Yes,No,3-7 days,No,Not Recovered,1
TXN569124997593,21-08-2023,13:36:57,Monday,QR Code Swap,KYC Update Required,1200,PhonePe,P2M,acct3414@ibl,txn4700@axl,SBI,Rajasthan,26-35,Male,Salaried Employee,Android,Yes,No,1-3 days,Yes,Not Recovered,1
TXN833980350992,04-03-2025,20:52:57,Tuesday,Phishing,Refund Processing,700,PhonePe,P2P,txn5702@ibl,user5441@paytm,Other,Maharashtra,66+,Male,Salaried Employee,Android,Yes,Yes,1-6 hours,Yes,Not Recovered,1
TXN241711465331,06-02-2025,12:16:51,Thursday,Social Engineering,Customer Care Impersonation,22900,Google Pay,P2P,pay7308@ibl,txn9097@axl,Bank of Baroda,Karnataka,56-65,Male,Self-employed/Business,iOS,Yes,Yes,< 1 hour,No,Not Recovered,1
TXN358072774592,05-08-2024,17:26:38,Monday,SIM Swap,Job Offer/Part-time Work,4700,Google Pay,P2M,txn1046@oksbi,user6937@apl,HDFC Bank,Bihar,26-35,Male,Homemaker,Android,Yes,No,6-24 hours,No,Partially Recovered,1
TXN157430946470,29-07-2024,22:58:07,Monday,Phishing,Prize/Lottery Win,2550,BHIM,Collect Request,user2208@paytm,mb3591@okaxis,Canara Bank,Maharashtra,18-25,Female,Salaried Employee,Android,Yes,No,3-7 days,Yes,Not Recovered,1
TXN292204652392,29-08-2023,12:05:15,Tuesday,Phishing,Refund Processing,8400,Google Pay,P2M,mb3627@okaxis,acct7940@paytm,ICICI Bank,Telangana,26-35,Female,Homemaker,Android,No,Yes,6-24 hours,Yes,Not Recovered,1
TXN863716304869,19-10-2024,17:16:58,Saturday,Fake Collect Request,KYC Update Required,2950,Google Pay,Collect Request,acct8821@ibl,acct7233@okicici,SBI,Rajasthan,18-25,Female,Salaried Employee,Android,No,No,1-6 hours,No,Partially Recovered,1
TXN720923949300,26-05-2023,19:41:27,Friday,Phishing,KYC Update Required,650,PhonePe,P2P,user8926@okaxis,user6154@okhdfcbank,SBI,Uttar Pradesh,46-55,Male,Daily Wage Worker,Android,Yes,Yes,1-6 hours,No,Not Recovered,1
TXN417988247295,11-02-2024,00:22:48,Sunday,Vishing,Refund Processing,2800,PhonePe,P2M,pay3482@paytm,user2528@oksbi,IndusInd Bank,Maharashtra,26-35,Male,Self-employed/Business,Android,Yes,No,1-3 days,No,Not Recovered,1
TXN768341524069,07-11-2023,19:41:09,Tuesday,SIM Swap,Delivery Agent Scam,1550,Paytm,P2P,user3496@paytm,user1244@okicici,HDFC Bank,Delhi,46-55,Female,Retired,Android,Yes,No,6-24 hours,No,Fully Recovered,1
TXN635018636281,11-02-2024,15:51:50,Sunday,Social Engineering,KYC Update Required,8750,PhonePe,P2P,user6955@ybl,acct7701@okicici,SBI,Maharashtra,56-65,Male,Salaried Employee,iOS,No,Yes,6-24 hours,No,Not Recovered,1
TXN540535369915,25-06-2024,12:54:39,Tuesday,Remote Access Scam,Digital Arrest Threat,4800,Amazon Pay,P2P,user4654@axl,acct2531@ibl,SBI,Rajasthan,26-35,Female,Homemaker,iOS,Yes,No,6-24 hours,Yes,Not Recovered,1
TXN260932285204,21-07-2024,13:34:57,Sunday,Fake UPI App,Refund Processing,850,Google Pay,P2P,pay6245@okaxis,mb7230@okaxis,HDFC Bank,Gujarat,56-65,Female,Self-employed/Business,Feature Phone,Yes,No,6-24 hours,Yes,Not Recovered,1
TXN572023957025,05-04-2024,19:30:13,Friday,Phishing,Customer Care Impersonation,49850,PhonePe,P2P,txn5864@okicici,pay6722@axl,HDFC Bank,Andhra Pradesh,26-35,Female,Retired,Android,No,Yes,6-24 hours,Yes,Not Recovered,1
TXN263269689004,06-08-2024,13:44:50,Tuesday,Phishing,Prize/Lottery Win,15800,Google Pay,Collect Request,acct3416@paytm,txn2861@axl,Bank of Baroda,Haryana,36-45,Female,Salaried Employee,Android,No,Yes,6-24 hours,No,Partially Recovered,1
TXN503788648868,26-12-2023,14:00:28,Tuesday,Remote Access Scam,Customer Care Impersonation,45800,PhonePe,Collect Request,txn1265@ybl,txn9226@okhdfcbank,Axis Bank,Rajasthan,66+,Male,Self-employed/Business,Android,Yes,No,1-6 hours,No,Under Investigation,1
TXN781620297617,17-03-2025,14:29:26,Monday,QR Code Swap,Refund Processing,4200,Paytm,P2M,user2435@okhdfcbank,user1269@axl,Axis Bank,Rajasthan,66+,Male,Self-employed/Business,Android,No,No,1-6 hours,No,Not Recovered,1
TXN875863763386,16-07-2023,14:48:39,Sunday,Social Engineering,Delivery Agent Scam,1400,Paytm,P2P,acct1124@ibl,pay9315@ybl,Axis Bank,Delhi,46-55,Female,Retired,Android,Yes,No,3-7 days,No,Not Recovered,1
TXN312134286195,31-12-2023,20:16:19,Sunday,Fake UPI App,Delivery Agent Scam,16800,PhonePe,P2P,mb7444@okaxis,mb8030@okicici,Yes Bank,Andhra Pradesh,18-25,Female,Homemaker,Android,Yes,No,1-6 hours,No,Not Recovered,1
TXN110468643670,11-01-2025,12:46:11,Saturday,QR Code Swap,Delivery Agent Scam,2650,Google Pay,P2M,mb3507@okaxis,mb9907@okhdfcbank,Yes Bank,Rajasthan,18-25,Female,Salaried Employee,Android,Yes,No,6-24 hours,Yes,Fully Recovered,1
TXN739884834330,06-11-2024,12:47:46,Wednesday,Phishing,Investment Scheme,4600,PhonePe,P2P,user2817@paytm,mb3010@okhdfcbank,Bank of Baroda,Madhya Pradesh,26-35,Female,Self-employed/Business,iOS,Yes,Yes,1-6 hours,Yes,Not Recovered,1
TXN297154624707,24-08-2023,10:57:11,Thursday,Phishing,Customer Care Impersonation,7950,Google Pay,P2P,mb1515@okhdfcbank,txn6681@paytm,Punjab National Bank,Haryana,26-35,Male,Self-employed/Business,Android,Yes,Yes,1-3 days,Yes,Not Recovered,1
TXN321111680438,19-12-2024,15:00:10,Thursday,Fake Collect Request,Investment Scheme,2500,Google Pay,P2P,user6710@apl,txn8652@paytm,SBI,Telangana,18-25,Male,Self-employed/Business,Android,Yes,No,1-6 hours,No,Partially Recovered,1
TXN766181893737,20-06-2024,14:25:59,Thursday,Phishing,Job Offer/Part-time Work,1900,PhonePe,P2M,acct8033@oksbi,mb6782@ibl,SBI,Punjab,46-55,Female,Homemaker,Android,Yes,Yes,6-24 hours,No,Not Recovered,1
TXN446945373205,07-01-2025,19:28:10,Tuesday,Social Engineering,Refund Processing,66600,Google Pay,Collect Request,user1157@ibl,user6388@oksbi,SBI,Tamil Nadu,26-35,Female,Self-employed/Business,Android,No,Yes,1-3 days,Yes,Not Recovered,1
TXN644613557750,20-07-2024,15:20:57,Saturday,Vishing,Investment Scheme,1100,PhonePe,P2M,acct1766@ybl,acct2953@okhdfcbank,Yes Bank,Tamil Nadu,36-45,Male,Daily Wage Worker,Android,Yes,Yes,1-6 hours,Yes,Partially Recovered,1
TXN896351699925,07-07-2024,09:20:37,Sunday,Vishing,KYC Update Required,7350,PhonePe,P2M,txn5500@ibl,txn7559@okhdfcbank,Other,Karnataka,46-55,Female,Student,Android,Yes,No,6-24 hours,Yes,Not Recovered,1
TXN507215650421,21-10-2024,18:31:39,Monday,Phishing,KYC Update Required,3850,Google Pay,Collect Request,mb1080@okaxis,txn1705@okhdfcbank,HDFC Bank,Delhi,36-45,Female,Salaried Employee,iOS,Yes,Yes,> 7 days,No,Partially Recovered,1
TXN639711040614,20-05-2023,22:04:16,Saturday,Vishing,Investment Scheme,8100,PhonePe,P2P,txn6274@paytm,pay2504@ybl,Kotak Mahindra Bank,Maharashtra,18-25,Male,Farmer,iOS,Yes,Yes,1-6 hours,Yes,Not Recovered,1
TXN447284436313,29-01-2024,17:22:35,Monday,Fake UPI App,KYC Update Required,4650,BHIM,P2P,txn8438@okicici,mb2731@okicici,SBI,Gujarat,26-35,Male,Salaried Employee,iOS,Yes,No,< 1 hour,No,Not Recovered,1
TXN682663361540,11-11-2023,21:24:28,Saturday,Fake UPI App,Electricity Bill Disconnection,8300,PhonePe,Collect Request,acct6766@ybl,user2377@ibl,SBI,Telangana,26-35,Male,Homemaker,iOS,Yes,No,1-6 hours,Yes,Fully Recovered,1
TXN224377836474,15-06-2024,09:25:32,Saturday,QR Code Swap,Refund Processing,3800,Google Pay,P2P,pay2887@okaxis,user5361@oksbi,ICICI Bank,Maharashtra,18-25,Female,Student,Android,No,No,6-24 hours,No,Not Recovered,1
TXN913796480365,07-06-2023,14:17:14,Wednesday,Social Engineering,Prize/Lottery Win,16650,Paytm,P2P,txn4909@okicici,txn2137@okicici,Kotak Mahindra Bank,Uttar Pradesh,18-25,Female,Salaried Employee,Android,Yes,Yes,6-24 hours,Yes,Partially Recovered,1
TXN849760701556,09-10-2023,11:29:09,Monday,Remote Access Scam,Investment Scheme,8500,PhonePe,P2M,txn4740@apl,mb3741@okicici,Punjab National Bank,Uttar Pradesh,18-25,Male,Student,Feature Phone,No,No,6-24 hours,Yes,Not Recovered,1
TXN803207331196,06-07-2023,08:51:47,Thursday,Vishing,Refund Processing,7850,PhonePe,P2P,user3423@axl,pay3320@ibl,Bank of Baroda,Odisha,26-35,Male,Homemaker,iOS,Yes,Yes,1-3 days,No,Fully Recovered,1
TXN745924539252,22-08-2024,04:36:47,Thursday,OTP Sharing,Investment Scheme,2850,Google Pay,Collect Request,acct5526@ybl,pay1673@apl,Bank of Baroda,Gujarat,26-35,Female,Self-employed/Business,iOS,No,No,3-7 days,Yes,Not Recovered,1
TXN336399093479,19-03-2025,11:39:07,Wednesday,QR Code Swap,Prize/Lottery Win,3400,Google Pay,P2M,txn3022@okaxis,acct6010@okaxis,Other,Maharashtra,66+,Male,Student,Android,Yes,No,1-6 hours,No,Not Recovered,1
TXN802993805730,14-06-2024,11:53:00,Friday,Phishing,Loan Offer,1100,Google Pay,Collect Request,acct7923@axl,user5280@ybl,SBI,Madhya Pradesh,36-45,Female,Self-employed/Business,iOS,No,Yes,3-7 days,Yes,Not Recovered,1
TXN446578663878,02-12-2024,11:36:27,Monday,OTP Sharing,Refund Processing,4350,PhonePe,P2P,mb6858@paytm,txn8006@paytm,HDFC Bank,Telangana,46-55,Male,Self-employed/Business,Feature Phone,Yes,Yes,1-6 hours,No,Partially Recovered,1
TXN604736002246,04-06-2024,22:29:01,Tuesday,Social Engineering,Refund Processing,1350,Google Pay,P2M,user2387@okaxis,txn2753@ibl,Punjab National Bank,Karnataka,18-25,Female,Retired,iOS,No,Yes,< 1 hour,Yes,Partially Recovered,1
TXN108317338227,29-11-2024,07:18:36,Friday,QR Code Swap,Job Offer/Part-time Work,2250,Google Pay,P2M,acct4288@okhdfcbank,user1000@okicici,Axis Bank,Telangana,36-45,Male,Salaried Employee,Feature Phone,No,No,1-3 days,Yes,Not Recovered,1
TXN124207282522,09-12-2024,20:33:06,Monday,Vishing,Digital Arrest Threat,550,PhonePe,P2P,pay3321@oksbi,pay9380@apl,Canara Bank,West Bengal,26-35,Male,Student,iOS,No,Yes,1-3 days,No,Not Recovered,1
TXN144858697395,23-10-2023,13:18:18,Monday,OTP Sharing,Delivery Agent Scam,82300,Google Pay,P2M,txn3282@paytm,acct5536@okaxis,SBI,Uttar Pradesh,26-35,Male,Salaried Employee,Android,No,Yes,1-6 hours,Yes,Not Recovered,1
TXN812274479362,10-09-2023,12:54:55,Sunday,QR Code Swap,Job Offer/Part-time Work,4900,PhonePe,P2M,acct7168@paytm,mb3955@apl,ICICI Bank,Delhi,36-45,Male,Salaried Employee,iOS,Yes,No,1-3 days,No,Not Recovered,1
TXN292761376717,03-02-2025,14:08:44,Monday,Vishing,Prize/Lottery Win,72800,PhonePe,P2M,acct7882@okhdfcbank,user5103@okhdfcbank,Punjab National Bank,Tamil Nadu,46-55,Male,Homemaker,Android,No,No,1-6 hours,No,Not Recovered,1
TXN971056614497,09-05-2023,20:04:28,Tuesday,SIM Swap,Job Offer/Part-time Work,5250,PhonePe,Collect Request,pay2409@okaxis,user4334@okaxis,SBI,Bihar,26-35,Female,Self-employed/Business,Android,No,No,1-6 hours,Yes,Not Recovered,1
TXN570036402204,22-08-2023,21:23:49,Tuesday,QR Code Swap,Prize/Lottery Win,5600,Google Pay,P2M,acct2161@okhdfcbank,pay9474@ybl,SBI,Uttar Pradesh,46-55,Female,Self-employed/Business,iOS,No,No,1-6 hours,No,Fully Recovered,1
TXN162786601848,13-07-2023,08:14:03,Thursday,Fake Collect Request,Investment Scheme,2900,PhonePe,P2P,mb2816@paytm,txn1491@okaxis,SBI,West Bengal,26-35,Female,Student,Android,Yes,No,1-6 hours,No,Not Recovered,1
TXN914317843435,12-03-2024,13:12:21,Tuesday,Social Engineering,Prize/Lottery Win,900,Google Pay,Collect Request,mb2320@apl,acct3121@ybl,SBI,Delhi,46-55,Female,Daily Wage Worker,Feature Phone,No,No,6-24 hours,Yes,Partially Recovered,1
TXN240425847832,13-05-2023,08:31:32,Saturday,Vishing,Delivery Agent Scam,3950,PhonePe,P2P,acct7993@apl,pay2893@paytm,Canara Bank,Maharashtra,46-55,Female,Retired,Android,Yes,No,6-24 hours,No,Partially Recovered,1
TXN148458380763,30-07-2023,21:57:23,Sunday,Vishing,Delivery Agent Scam,2250,PhonePe,P2M,txn6728@oksbi,txn3125@axl,Axis Bank,Maharashtra,18-25,Male,Retired,Android,Yes,Yes,1-3 days,Yes,Not Recovered,1
TXN478189039683,03-08-2024,16:42:04,Saturday,Phishing,Loan Offer,63500,Paytm,P2P,acct8966@ybl,user4335@okicici,Other,Delhi,46-55,Male,Salaried Employee,iOS,No,Yes,6-24 hours,Yes,Not Recovered,1
TXN522549998744,15-09-2024,10:47:35,Sunday,Phishing,KYC Update Required,2600,Google Pay,Collect Request,acct1727@oksbi,pay7214@okicici,Canara Bank,Karnataka,26-35,Male,Student,Android,No,Yes,1-6 hours,Yes,Under Investigation,1
TXN163361078655,04-02-2025,13:03:42,Tuesday,Vishing,Refund Processing,7850,PhonePe,Collect Request,user7358@ybl,mb8594@axl,Kotak Mahindra Bank,Bihar,56-65,Female,Salaried Employee,Android,No,No,6-24 hours,No,Not Recovered,1
TXN820620033728,07-11-2024,17:49:33,Thursday,Vishing,Impersonation of Known Person,80650,PhonePe,P2M,mb1202@okhdfcbank,txn6259@ybl,SBI,Gujarat,56-65,Male,Student,Android,Yes,Yes,1-6 hours,No,Not Recovered,1
TXN291685842884,01-10-2023,13:01:28,Sunday,Phishing,Refund Processing,1250,PhonePe,Collect Request,pay1812@oksbi,user1630@okicici,Punjab National Bank,Delhi,46-55,Male,Salaried Employee,Android,No,Yes,1-6 hours,Yes,Partially Recovered,1
TXN728464478520,01-03-2025,14:28:37,Saturday,Vishing,Investment Scheme,6850,PhonePe,P2M,txn7815@okhdfcbank,acct5638@okicici,HDFC Bank,Karnataka,46-55,Male,Student,Android,Yes,Yes,1-6 hours,Yes,Not Recovered,1
TXN481018747564,26-04-2023,11:50:23,Wednesday,Vishing,Refund Processing,4650,PhonePe,P2P,pay7206@okaxis,pay7243@okhdfcbank,SBI,Uttar Pradesh,56-65,Male,Salaried Employee,Android,No,No,1-6 hours,No,Not Recovered,1
TXN945245294432,19-06-2023,22:14:36,Monday,QR Code Swap,Electricity Bill Disconnection,9500,Paytm,P2M,txn4782@paytm,txn2890@oksbi,Punjab National Bank,Gujarat,36-45,Male,Self-employed/Business,Android,Yes,No,1-6 hours,No,Not Recovered,1
TXN416950787890,29-06-2024,18:56:26,Saturday,Vishing,Prize/Lottery Win,4050,PhonePe,P2M,txn6142@okhdfcbank,user7692@axl,Canara Bank,Karnataka,26-35,Male,Daily Wage Worker,Feature Phone,No,Yes,1-6 hours,No,Fully Recovered,1
TXN488361073404,30-08-2024,23:36:31,Friday,OTP Sharing,Loan Offer,24750,PhonePe,P2M,pay7591@apl,pay5806@okhdfcbank,ICICI Bank,Telangana,26-35,Male,Retired,Android,Yes,Yes,1-3 days,Yes,Not Recovered,1
TXN192382057852,10-03-2024,21:57:21,Sunday,Fake Collect Request,Loan Offer,5350,Paytm,P2M,pay1127@ibl,acct7215@ibl,ICICI Bank,Karnataka,56-65,Female,Homemaker,iOS,No,No,1-3 days,No,Partially Recovered,1
TXN573351269216,23-06-2024,09:46:37,Sunday,Vishing,Investment Scheme,13800,Paytm,P2M,mb5558@ibl,user6690@ybl,ICICI Bank,Maharashtra,26-35,Female,Self-employed/Business,Android,No,No,1-6 hours,No,Not Recovered,1
TXN978483659648,17-09-2023,08:17:31,Sunday,QR Code Swap,Refund Processing,34450,PhonePe,P2P,pay1109@paytm,user7054@oksbi,SBI,Bihar,26-35,Female,Self-employed/Business,Android,No,No,1-6 hours,Yes,Not Recovered,1
TXN343925453125,14-01-2024,22:36:27,Sunday,SIM Swap,Customer Care Impersonation,8700,Google Pay,P2P,user6359@okicici,mb6494@ybl,HDFC Bank,Maharashtra,18-25,Female,Farmer,iOS,Yes,No,1-3 days,Yes,Not Recovered,1
TXN839680167741,08-07-2024,16:32:43,Monday,SIM Swap,Prize/Lottery Win,15150,Google Pay,P2M,pay5346@paytm,pay8938@okicici,Axis Bank,Haryana,18-25,Male,Student,iOS,Yes,No,3-7 days,Yes,Not Recovered,1
TXN835694035930,21-08-2024,10:12:40,Wednesday,Fake UPI App,Prize/Lottery Win,97400,Google Pay,P2P,acct9031@axl,mb6851@apl,ICICI Bank,Gujarat,18-25,Male,Self-employed/Business,Android,No,No,6-24 hours,Yes,Not Recovered,1
TXN553553093920,05-08-2024,11:14:07,Monday,Remote Access Scam,Impersonation of Known Person,34400,PhonePe,P2P,pay1474@ybl,txn9314@oksbi,Punjab National Bank,Rajasthan,26-35,Male,Self-employed/Business,Android,No,No,< 1 hour,No,Fully Recovered,1
TXN778468492207,23-05-2024,06:49:20,Thursday,Vishing,Prize/Lottery Win,3600,PhonePe,P2M,mb6401@okicici,mb9843@okaxis,Punjab National Bank,West Bengal,26-35,Male,Self-employed/Business,Android,No,Yes,1-6 hours,No,Fully Recovered,1
TXN138713292846,22-04-2023,19:05:49,Saturday,OTP Sharing,Delivery Agent Scam,43100,Google Pay,Collect Request,user9627@okhdfcbank,mb7519@paytm,ICICI Bank,Karnataka,18-25,Male,Salaried Employee,Android,Yes,Yes,1-6 hours,Yes,Not Recovered,1
TXN763751538563,14-05-2023,09:19:01,Sunday,Vishing,Delivery Agent Scam,14050,PhonePe,P2P,pay2565@axl,pay6114@ibl,Yes Bank,Karnataka,46-55,Female,Salaried Employee,iOS,Yes,Yes,6-24 hours,No,Not Recovered,1
TXN700276227328,09-06-2024,14:01:19,Sunday,Vishing,Customer Care Impersonation,1050,PhonePe,P2P,user8409@oksbi,mb1407@axl,HDFC Bank,Kerala,36-45,Male,Homemaker,Android,No,No,6-24 hours,No,Not Recovered,1
TXN552054000272,24-11-2023,13:30:36,Friday,Phishing,Customer Care Impersonation,2600,PhonePe,Collect Request,txn6535@okicici,user6266@axl,HDFC Bank,West Bengal,66+,Male,Student,Android,Yes,No,6-24 hours,No,Partially Recovered,1
TXN236357260643,06-04-2023,10:13:48,Thursday,Fake Collect Request,Investment Scheme,9100,Google Pay,P2M,pay4233@paytm,user1639@axl,Other,Maharashtra,36-45,Male,Salaried Employee,Android,Yes,No,6-24 hours,No,Not Recovered,1
TXN777757924167,20-08-2024,09:51:33,Tuesday,QR Code Swap,Investment Scheme,18950,Amazon Pay,P2M,txn9509@ybl,acct8583@oksbi,HDFC Bank,Rajasthan,18-25,Male,Daily Wage Worker,Android,No,No,6-24 hours,Yes,Not Recovered,1
TXN797289885247,04-03-2024,21:46:54,Monday,Social Engineering,Digital Arrest Threat,1950,PhonePe,P2P,mb4703@ibl,user4156@ybl,HDFC Bank,West Bengal,18-25,Male,Homemaker,Android,Yes,Yes,6-24 hours,Yes,Not Recovered,1
TXN462421995637,17-01-2024,19:55:27,Wednesday,Fake Collect Request,Electricity Bill Disconnection,4550,Google Pay,P2P,mb5542@paytm,pay3754@okaxis,SBI,Madhya Pradesh,56-65,Female,Salaried Employee,Android,No,No,6-24 hours,No,Not Recovered,1
TXN622724340244,24-11-2023,23:05:59,Friday,SIM Swap,Delivery Agent Scam,850,BHIM,P2P,txn6107@apl,txn9694@okhdfcbank,ICICI Bank,Rajasthan,18-25,Male,Self-employed/Business,Android,No,No,1-3 days,Yes,Not Recovered,1
TXN716830207316,10-12-2024,20:10:40,Tuesday,Fake UPI App,Investment Scheme,23750,PhonePe,P2P,pay7266@ibl,pay1174@oksbi,Punjab National Bank,Rajasthan,26-35,Female,Retired,Android,Yes,No,1-3 days,Yes,Partially Recovered,1
TXN794099125997,26-06-2024,12:12:00,Wednesday,Fake Collect Request,Electricity Bill Disconnection,3500,PhonePe,P2M,acct9033@okicici,acct9938@okhdfcbank,ICICI Bank,Haryana,36-45,Male,Homemaker,Feature Phone,Yes,No,1-6 hours,No,Not Recovered,1
TXN287730052509,10-05-2023,12:39:57,Wednesday,OTP Sharing,Electricity Bill Disconnection,12900,Google Pay,P2P,mb7000@apl,user7605@axl,SBI,Punjab,18-25,Male,Student,Android,Yes,No,> 7 days,No,Not Recovered,1
TXN197479832680,12-02-2025,17:04:12,Wednesday,Fake UPI App,Prize/Lottery Win,7200,PhonePe,P2M,mb8585@okhdfcbank,user2483@okicici,Kotak Mahindra Bank,Karnataka,26-35,Male,Salaried Employee,iOS,Yes,No,1-6 hours,Yes,Not Recovered,1
TXN294506512744,28-06-2023,09:37:40,Wednesday,Remote Access Scam,Refund Processing,22900,Paytm,Collect Request,txn3300@ibl,acct4702@oksbi,Bank of Baroda,Karnataka,36-45,Male,Retired,Feature Phone,Yes,No,1-3 days,Yes,Partially Recovered,1
TXN850807134230,05-01-2024,20:11:18,Friday,Vishing,Electricity Bill Disconnection,2400,Google Pay,P2P,txn4398@ibl,mb5406@okhdfcbank,Canara Bank,Delhi,36-45,Male,Retired,Android,No,Yes,1-6 hours,Yes,Not Recovered,1
TXN467114459611,07-09-2024,18:16:13,Saturday,QR Code Swap,Job Offer/Part-time Work,750,PhonePe,P2P,txn2641@okicici,txn6018@okicici,Punjab National Bank,Delhi,36-45,Male,Self-employed/Business,Feature Phone,Yes,No,< 1 hour,No,Not Recovered,1
TXN218141496875,22-07-2024,15:48:01,Monday,QR Code Swap,Refund Processing,9850,Google Pay,P2P,acct7977@ybl,mb7565@okaxis,HDFC Bank,Tamil Nadu,26-35,Male,Self-employed/Business,Android,No,No,3-7 days,No,Fully Recovered,1
TXN292770822769,15-09-2023,14:59:19,Friday,Social Engineering,Impersonation of Known Person,84350,PhonePe,P2P,txn6038@okhdfcbank,pay4869@oksbi,Other,Telangana,66+,Female,Homemaker,Android,Yes,Yes,1-3 days,Yes,Not Recovered,1
TXN947826044125,21-06-2024,07:15:09,Friday,OTP Sharing,Prize/Lottery Win,16150,Google Pay,P2P,txn5639@axl,mb7452@apl,ICICI Bank,Karnataka,18-25,Male,Self-employed/Business,Android,Yes,No,1-6 hours,Yes,Fully Recovered,1
TXN818909091622,13-06-2023,11:42:47,Tuesday,Remote Access Scam,Electricity Bill Disconnection,1750,Google Pay,P2P,pay7974@okicici,txn6096@axl,ICICI Bank,Telangana,26-35,Male,Salaried Employee,Android,Yes,No,6-24 hours,Yes,Not Recovered,1
TXN632625717625,20-02-2025,19:02:16,Thursday,Remote Access Scam,Loan Offer,2650,Google Pay,P2P,acct7921@okaxis,txn7962@ybl,Punjab National Bank,Uttar Pradesh,36-45,Male,Retired,Android,No,No,1-6 hours,No,Not Recovered,1
TXN901503260846,09-01-2025,08:51:51,Thursday,Social Engineering,Customer Care Impersonation,8900,PhonePe,P2P,acct8125@okaxis,acct5615@okaxis,Kotak Mahindra Bank,Gujarat,46-55,Female,Salaried Employee,iOS,Yes,Yes,< 1 hour,No,Fully Recovered,1
TXN290046404645,03-08-2023,20:29:23,Thursday,Phishing,Prize/Lottery Win,8050,Google Pay,P2M,user9765@okhdfcbank,pay3369@paytm,HDFC Bank,Maharashtra,26-35,Male,Self-employed/Business,Android,Yes,Yes,6-24 hours,Yes,Not Recovered,1
TXN382380214225,15-06-2024,21:22:29,Saturday,OTP Sharing,Loan Offer,4150,PhonePe,P2M,user8101@okhdfcbank,pay5275@ybl,Canara Bank,Tamil Nadu,18-25,Male,Self-employed/Business,Android,Yes,Yes,6-24 hours,No,Not Recovered,1
TXN244556628194,21-12-2024,14:54:50,Saturday,Vishing,Prize/Lottery Win,16150,PhonePe,P2M,txn5375@paytm,mb6212@okhdfcbank,Axis Bank,Tamil Nadu,26-35,Female,Self-employed/Business,Android,Yes,No,1-6 hours,Yes,Not Recovered,1
TXN528092214959,13-11-2023,10:45:20,Monday,Vishing,Impersonation of Known Person,10000,PhonePe,P2P,txn7601@okaxis,mb2287@paytm,SBI,West Bengal,36-45,Female,Self-employed/Business,Android,Yes,Yes,6-24 hours,No,Not Recovered,1
TXN513324968984,26-10-2024,23:05:13,Saturday,SIM Swap,Prize/Lottery Win,7500,PhonePe,P2M,mb3157@axl,mb3023@okhdfcbank,HDFC Bank,Maharashtra,26-35,Female,Farmer,Android,Yes,No,< 1 hour,No,Under Investigation,1
TXN642900899916,10-05-2024,10:07:36,Friday,Vishing,Refund Processing,49050,PhonePe,Collect Request,acct5690@paytm,pay3910@axl,Kotak Mahindra Bank,Kerala,36-45,Male,Student,Android,Yes,Yes,6-24 hours,No,Not Recovered,1
TXN281462113811,21-01-2024,00:53:21,Sunday,SIM Swap,Electricity Bill Disconnection,5800,PhonePe,P2M,mb8731@okhdfcbank,txn1372@axl,SBI,Uttar Pradesh,36-45,Female,Farmer,Android,Yes,No,6-24 hours,No,Partially Recovered,1
TXN806523043344,17-10-2024,14:12:54,Thursday,Social Engineering,Refund Processing,4950,Paytm,P2P,user6427@okicici,pay8572@okhdfcbank,IndusInd Bank,Punjab,18-25,Female,Self-employed/Business,Android,No,No,1-6 hours,No,Not Recovered,1
TXN898100769028,08-04-2023,18:43:43,Saturday,QR Code Swap,KYC Update Required,8850,PhonePe,P2M,user6953@axl,mb8209@axl,Kotak Mahindra Bank,Punjab,18-25,Male,Student,Android,Yes,No,< 1 hour,No,Not Recovered,1
TXN423593328257,06-08-2023,08:54:16,Sunday,SIM Swap,Customer Care Impersonation,5900,PhonePe,P2P,acct6417@paytm,txn5510@okaxis,HDFC Bank,Gujarat,26-35,Female,Homemaker,Android,No,No,6-24 hours,No,Not Recovered,1
TXN335582903916,22-08-2023,09:18:01,Tuesday,Vishing,Loan Offer,3500,Google Pay,P2P,mb5963@okicici,mb1197@ybl,Bank of Baroda,Gujarat,26-35,Female,Retired,Android,Yes,Yes,< 1 hour,No,Not Recovered,1
TXN473940265051,07-04-2024,17:47:55,Sunday,Money Mule,Job Offer/Part-time Work,4550,Google Pay,P2M,pay6067@oksbi,pay3459@ybl,HDFC Bank,Haryana,66+,Female,Student,Feature Phone,Yes,No,1-3 days,Yes,Not Recovered,1
TXN688245834109,14-12-2024,19:50:07,Saturday,OTP Sharing,Delivery Agent Scam,3900,Google Pay,Collect Request,mb2301@okaxis,acct9567@oksbi,IndusInd Bank,Tamil Nadu,36-45,Male,Self-employed/Business,iOS,Yes,Yes,< 1 hour,No,Not Recovered,1
TXN738926552621,07-12-2023,10:47:11,Thursday,OTP Sharing,Refund Processing,7000,BHIM,P2P,acct8606@okhdfcbank,mb1836@ibl,Kotak Mahindra Bank,Maharashtra,46-55,Male,Daily Wage Worker,iOS,Yes,Yes,1-3 days,Yes,Not Recovered,1
TXN374880033478,09-01-2025,07:30:07,Thursday,QR Code Swap,Investment Scheme,5800,Google Pay,P2M,acct5435@paytm,pay6384@apl,SBI,Delhi,26-35,Male,Homemaker,iOS,Yes,No,1-6 hours,No,Partially Recovered,1
TXN475565677096,07-08-2024,14:41:19,Wednesday,Vishing,Impersonation of Known Person,7800,PhonePe,Collect Request,mb3992@oksbi,user4797@oksbi,ICICI Bank,Maharashtra,36-45,Male,Farmer,Android,Yes,Yes,6-24 hours,Yes,Not Recovered,1
TXN956489103116,09-02-2024,14:20:49,Friday,Fake Collect Request,Customer Care Impersonation,1100,PhonePe,P2P,txn4747@ybl,acct5974@ibl,SBI,Bihar,26-35,Female,Student,Android,Yes,No,1-6 hours,Yes,Not Recovered,1
TXN382250960057,27-08-2023,11:46:22,Sunday,Fake UPI App,Digital Arrest Threat,3250,Google Pay,P2P,txn7119@okaxis,txn8004@axl,HDFC Bank,Rajasthan,26-35,Male,Farmer,iOS,Yes,No,1-3 days,No,Not Recovered,1
TXN746850871858,28-02-2024,15:47:12,Wednesday,SIM Swap,Loan Offer,8600,PhonePe,P2M,acct1971@okhdfcbank,user6614@ybl,ICICI Bank,Punjab,18-25,Male,Salaried Employee,Feature Phone,Yes,No,6-24 hours,No,Not Recovered,1
TXN250417708169,02-10-2024,12:59:18,Wednesday,Phishing,Refund Processing,650,PhonePe,P2P,user6143@ibl,acct4519@okicici,SBI,Uttar Pradesh,46-55,Male,Salaried Employee,Android,Yes,Yes,6-24 hours,Yes,Partially Recovered,1
TXN459910864516,23-02-2024,13:29:23,Friday,Vishing,Customer Care Impersonation,7100,PhonePe,P2P,mb9061@ybl,mb6468@okhdfcbank,ICICI Bank,Maharashtra,46-55,Male,Student,Android,Yes,Yes,3-7 days,Yes,Not Recovered,1
TXN734142643521,17-06-2023,15:35:49,Saturday,Phishing,Loan Offer,1550,Google Pay,Collect Request,txn8439@apl,acct1351@axl,Kotak Mahindra Bank,Punjab,18-25,Female,Salaried Employee,Android,No,Yes,6-24 hours,No,Fully Recovered,1
TXN435892831579,09-11-2024,11:39:53,Saturday,Vishing,Customer Care Impersonation,1150,Google Pay,P2P,pay2653@okaxis,mb1646@okicici,Punjab National Bank,Rajasthan,26-35,Male,Student,iOS,Yes,No,1-6 hours,No,Fully Recovered,1
TXN330811167830,05-10-2024,11:04:20,Saturday,Fake UPI App,Prize/Lottery Win,46550,PhonePe,Collect Request,acct1806@paytm,acct7540@oksbi,HDFC Bank,Telangana,26-35,Male,Daily Wage Worker,Android,Yes,No,6-24 hours,Yes,Partially Recovered,1
TXN119142470621,28-10-2023,18:37:52,Saturday,Phishing,Customer Care Impersonation,83200,Google Pay,P2P,user7226@axl,acct2639@ibl,Punjab National Bank,Haryana,46-55,Male,Self-employed/Business,iOS,Yes,Yes,1-6 hours,No,Under Investigation,1
TXN269731189169,04-04-2024,22:53:04,Thursday,QR Code Swap,KYC Update Required,14950,Google Pay,Collect Request,pay8697@okaxis,user4437@ybl,Other,Maharashtra,46-55,Female,Daily Wage Worker,iOS,Yes,No,< 1 hour,Yes,Partially Recovered,1
TXN129133918088,15-04-2024,16:52:10,Monday,QR Code Swap,KYC Update Required,1550,PhonePe,Collect Request,txn1466@paytm,user3364@axl,SBI,Kerala,46-55,Female,Self-employed/Business,Android,Yes,No,6-24 hours,Yes,Fully Recovered,1
TXN383050727000,18-05-2023,14:48:38,Thursday,OTP Sharing,Customer Care Impersonation,700,Amazon Pay,P2P,pay6290@apl,txn2579@paytm,Other,Karnataka,56-65,Male,Student,iOS,Yes,Yes,< 1 hour,No,Not Recovered,1
TXN733580279811,17-08-2024,18:54:36,Saturday,Phishing,Refund Processing,750,Google Pay,P2M,txn3157@ibl,acct7140@okicici,Punjab National Bank,West Bengal,18-25,Female,Salaried Employee,Android,Yes,Yes,1-3 days,No,Not Recovered,1
TXN544860692989,14-11-2024,18:54:02,Thursday,SIM Swap,Delivery Agent Scam,20350,PhonePe,P2P,acct4519@paytm,mb5305@apl,SBI,Karnataka,26-35,Male,Student,Android,No,No,6-24 hours,No,Not Recovered,1
TXN239772489895,24-06-2024,08:17:41,Monday,SIM Swap,Customer Care Impersonation,36050,Paytm,P2M,user4721@paytm,user2970@apl,SBI,Odisha,26-35,Male,Homemaker,iOS,Yes,No,1-6 hours,Yes,Partially Recovered,1
TXN677804362127,30-03-2025,11:55:22,Sunday,Vishing,Job Offer/Part-time Work,2350,Google Pay,Collect Request,user9735@ibl,mb4775@apl,SBI,Kerala,66+,Male,Homemaker,Android,No,Yes,1-6 hours,No,Partially Recovered,1
TXN890858612875,18-09-2023,12:06:43,Monday,Phishing,Investment Scheme,6850,Paytm,P2M,txn1005@okhdfcbank,txn6105@oksbi,HDFC Bank,Punjab,46-55,Male,Daily Wage Worker,Feature Phone,No,Yes,1-6 hours,No,Fully Recovered,1
TXN541920517361,18-12-2024,15:04:03,Wednesday,SIM Swap,Delivery Agent Scam,1500,BHIM,P2P,user3487@oksbi,acct3333@ybl,Punjab National Bank,West Bengal,46-55,Female,Salaried Employee,Android,Yes,No,1-3 days,No,Not Recovered,1
TXN221356243873,01-03-2024,00:07:33,Friday,Vishing,Electricity Bill Disconnection,1800,Google Pay,P2M,acct7978@okicici,acct5769@oksbi,SBI,Tamil Nadu,26-35,Male,Homemaker,iOS,Yes,No,6-24 hours,No,Fully Recovered,1
TXN378469771979,17-09-2024,08:46:38,Tuesday,Remote Access Scam,Electricity Bill Disconnection,32900,BHIM,P2P,txn2361@okaxis,user8955@oksbi,Yes Bank,Punjab,36-45,Female,Homemaker,Android,Yes,No,1-6 hours,No,Not Recovered,1
TXN841225980190,20-11-2024,14:37:27,Wednesday,OTP Sharing,Electricity Bill Disconnection,1950,Google Pay,Collect Request,mb7911@axl,user6690@paytm,SBI,Delhi,36-45,Female,Retired,Android,No,Yes,6-24 hours,Yes,Not Recovered,1
TXN480890634949,15-07-2024,15:33:02,Monday,Remote Access Scam,Electricity Bill Disconnection,20300,PhonePe,P2P,txn5074@ybl,acct1783@ibl,HDFC Bank,Gujarat,26-35,Female,Self-employed/Business,Android,Yes,No,< 1 hour,No,Not Recovered,1
TXN438566615952,13-07-2024,17:40:16,Saturday,SIM Swap,Delivery Agent Scam,1650,PhonePe,P2P,user2481@axl,txn9146@okicici,Yes Bank,Madhya Pradesh,36-45,Male,Self-employed/Business,iOS,Yes,No,6-24 hours,No,Partially Recovered,1
TXN199637312553,26-04-2024,09:54:45,Friday,QR Code Swap,Job Offer/Part-time Work,3800,PhonePe,P2P,user7629@ybl,pay6573@apl,IndusInd Bank,Haryana,46-55,Female,Student,Android,No,No,1-3 days,Yes,Not Recovered,1
TXN339708676028,28-03-2024,12:58:24,Thursday,Phishing,Prize/Lottery Win,69250,PhonePe,Collect Request,pay1203@ybl,pay1340@paytm,SBI,Tamil Nadu,66+,Male,Salaried Employee,Feature Phone,No,Yes,1-6 hours,Yes,Not Recovered,1
TXN864324181290,23-06-2024,12:35:36,Sunday,Phishing,Loan Offer,1550,BHIM,P2M,pay6270@oksbi,mb3109@okhdfcbank,Other,Tamil Nadu,36-45,Female,Salaried Employee,iOS,Yes,Yes,1-6 hours,No,Fully Recovered,1
TXN815365440842,01-09-2024,17:34:20,Sunday,Phishing,Customer Care Impersonation,13750,Google Pay,Collect Request,user6695@paytm,pay2044@ibl,Axis Bank,Gujarat,46-55,Female,Student,Android,Yes,Yes,6-24 hours,No,Not Recovered,1
TXN747171348958,06-06-2023,22:17:36,Tuesday,Vishing,Prize/Lottery Win,25900,Paytm,Collect Request,txn1111@okaxis,txn2960@okhdfcbank,ICICI Bank,Gujarat,36-45,Female,Homemaker,Android,No,Yes,1-6 hours,No,Not Recovered,1
TXN477301132545,19-12-2024,06:26:46,Thursday,Phishing,Loan Offer,1750,PhonePe,Collect Request,pay2570@ybl,txn3906@axl,HDFC Bank,Madhya Pradesh,66+,Female,Self-employed/Business,Android,Yes,Yes,6-24 hours,No,Not Recovered,1
TXN436659952875,15-12-2023,14:11:16,Friday,QR Code Swap,Electricity Bill Disconnection,4650,Google Pay,P2P,user7141@okhdfcbank,pay4088@paytm,Other,Andhra Pradesh,26-35,Female,Self-employed/Business,Android,Yes,No,1-6 hours,No,Under Investigation,1
TXN443314980856,04-10-2023,14:22:06,Wednesday,Fake UPI App,Job Offer/Part-time Work,44650,Google Pay,P2M,txn2765@ibl,pay9494@okicici,Canara Bank,Uttar Pradesh,18-25,Male,Student,Android,Yes,No,3-7 days,No,Fully Recovered,1
TXN627942210356,12-07-2023,14:38:09,Wednesday,Money Mule,Job Offer/Part-time Work,39900,PhonePe,P2P,mb2618@apl,user6251@apl,HDFC Bank,Bihar,36-45,Male,Salaried Employee,Android,Yes,No,1-3 days,Yes,Not Recovered,1
TXN947342045877,28-10-2024,15:34:33,Monday,Vishing,Customer Care Impersonation,6650,PhonePe,P2M,user9643@okaxis,pay2461@ybl,HDFC Bank,Maharashtra,18-25,Female,Self-employed/Business,Android,Yes,No,1-6 hours,Yes,Not Recovered,1
TXN602934875310,22-11-2024,18:36:34,Friday,Phishing,KYC Update Required,2200,PhonePe,Collect Request,pay4630@ibl,user4335@paytm,Canara Bank,Delhi,18-25,Male,Homemaker,iOS,No,No,6-24 hours,Yes,Not Recovered,1
TXN567817191363,29-10-2023,15:39:00,Sunday,Phishing,Refund Processing,4800,Google Pay,Collect Request,mb6074@oksbi,txn7704@okaxis,SBI,Karnataka,26-35,Female,Salaried Employee,Android,Yes,Yes,3-7 days,Yes,Not Recovered,1
TXN382351549231,30-05-2024,19:24:17,Thursday,Fake UPI App,KYC Update Required,1500,PhonePe,P2M,acct5666@apl,txn5664@ybl,Bank of Baroda,Maharashtra,18-25,Female,Salaried Employee,Android,Yes,No,1-6 hours,Yes,Partially Recovered,1
TXN585944448426,21-07-2023,18:25:52,Friday,Social Engineering,KYC Update Required,700,Amazon Pay,P2M,mb1672@apl,pay4447@ibl,HDFC Bank,Delhi,36-45,Male,Salaried Employee,iOS,No,Yes,1-3 days,Yes,Partially Recovered,1
TXN762480563971,15-05-2023,15:09:21,Monday,Fake UPI App,Refund Processing,2700,PhonePe,P2P,mb5715@apl,pay3348@apl,SBI,Uttar Pradesh,26-35,Female,Salaried Employee,Android,Yes,No,6-24 hours,No,Not Recovered,1
TXN179652670491,20-02-2024,06:43:04,Tuesday,QR Code Swap,KYC Update Required,6400,Paytm,P2M,user8805@axl,txn7336@paytm,SBI,Gujarat,26-35,Male,Self-employed/Business,Android,Yes,No,6-24 hours,No,Partially Recovered,1
TXN602693945494,30-11-2023,17:39:16,Thursday,Vishing,Refund Processing,338550,Paytm,P2P,acct9871@oksbi,acct3048@ibl,Kotak Mahindra Bank,Rajasthan,56-65,Male,Self-employed/Business,Feature Phone,Yes,Yes,1-6 hours,No,Not Recovered,1
TXN703285605914,31-10-2023,22:26:56,Tuesday,QR Code Swap,Job Offer/Part-time Work,17250,Google Pay,P2P,acct7140@ybl,pay7436@okicici,HDFC Bank,Kerala,36-45,Male,Student,Android,Yes,No,3-7 days,No,Partially Recovered,1
TXN721398574914,25-07-2024,08:41:28,Thursday,Vishing,Electricity Bill Disconnection,22700,PhonePe,Collect Request,pay7584@oksbi,pay7738@ibl,Other,Punjab,26-35,Male,Daily Wage Worker,Android,Yes,No,< 1 hour,No,Not Recovered,1
TXN435922328033,23-07-2024,10:47:08,Tuesday,SIM Swap,KYC Update Required,9350,Google Pay,P2P,user6946@ibl,mb8317@paytm,Yes Bank,Gujarat,56-65,Female,Retired,Android,Yes,No,1-6 hours,Yes,Fully Recovered,1
TXN246198016777,12-03-2024,17:18:19,Tuesday,Phishing,Electricity Bill Disconnection,6250,PhonePe,P2M,acct8746@axl,acct3792@okaxis,Bank of Baroda,Telangana,18-25,Female,Retired,Android,No,Yes,1-6 hours,No,Not Recovered,1
TXN838564356050,21-11-2024,17:52:23,Thursday,Social Engineering,Refund Processing,6500,Google Pay,P2P,pay6254@ybl,user6811@paytm,SBI,Rajasthan,18-25,Male,Salaried Employee,Android,Yes,No,6-24 hours,No,Not Recovered,1
TXN824817671838,17-04-2023,16:37:26,Monday,Money Mule,Investment Scheme,3050,Paytm,P2M,acct2314@ibl,mb1514@okicici,SBI,Telangana,26-35,Male,Self-employed/Business,Android,No,No,6-24 hours,Yes,Not Recovered,1
TXN191339663037,30-12-2024,00:36:01,Monday,Vishing,Delivery Agent Scam,1450,Google Pay,P2P,acct2389@ibl,mb2859@okaxis,Yes Bank,Uttar Pradesh,18-25,Female,Self-employed/Business,iOS,Yes,Yes,1-6 hours,No,Fully Recovered,1
TXN218820004286,10-08-2023,19:06:15,Thursday,Phishing,Loan Offer,2650,PhonePe,P2M,mb2998@okaxis,pay4268@okhdfcbank,HDFC Bank,Tamil Nadu,26-35,Male,Salaried Employee,Feature Phone,No,Yes,6-24 hours,No,Under Investigation,1
TXN654845040247,08-10-2023,07:05:00,Sunday,QR Code Swap,Prize/Lottery Win,6700,Google Pay,P2M,user2303@okicici,pay5313@okicici,Other,Karnataka,18-25,Male,Salaried Employee,Android,Yes,No,1-6 hours,No,Not Recovered,1
TXN851482435008,07-10-2024,15:12:44,Monday,Phishing,Electricity Bill Disconnection,13100,PhonePe,P2M,txn5611@okicici,user2009@okhdfcbank,Punjab National Bank,Telangana,26-35,Female,Salaried Employee,Android,Yes,Yes,1-6 hours,No,Partially Recovered,1
TXN595291608392,18-08-2024,11:46:03,Sunday,Fake Collect Request,Refund Processing,11300,BHIM,P2M,txn8871@ibl,acct5919@paytm,Kotak Mahindra Bank,Andhra Pradesh,56-65,Male,Homemaker,Feature Phone,No,No,6-24 hours,No,Under Investigation,1
TXN517972144791,15-02-2024,15:47:12,Thursday,Vishing,Digital Arrest Threat,1900,Paytm,Collect Request,pay7544@ibl,user8116@okicici,ICICI Bank,Uttar Pradesh,36-45,Male,Self-employed/Business,iOS,Yes,Yes,< 1 hour,Yes,Partially Recovered,1
TXN173469759984,02-09-2023,15:11:13,Saturday,Phishing,Investment Scheme,2600,PhonePe,Collect Request,txn8810@ybl,pay4852@apl,HDFC Bank,Maharashtra,26-35,Male,Student,Android,Yes,Yes,6-24 hours,No,Not Recovered,1
TXN328690300453,19-08-2024,19:26:31,Monday,Phishing,Job Offer/Part-time Work,2650,Google Pay,P2M,txn4824@ibl,acct5596@apl,HDFC Bank,Uttar Pradesh,26-35,Female,Homemaker,Android,Yes,Yes,< 1 hour,Yes,Not Recovered,1
TXN639143961424,14-03-2024,15:21:44,Thursday,Phishing,Delivery Agent Scam,1150,Google Pay,P2M,acct5358@okhdfcbank,acct7382@oksbi,HDFC Bank,Madhya Pradesh,36-45,Female,Daily Wage Worker,Android,Yes,Yes,1-6 hours,Yes,Fully Recovered,1
TXN763991581013,08-01-2024,17:23:54,Monday,SIM Swap,Refund Processing,6850,PhonePe,P2P,user5843@okaxis,pay9577@apl,HDFC Bank,Andhra Pradesh,26-35,Female,Student,Feature Phone,No,No,6-24 hours,No,Partially Recovered,1
TXN599391103461,15-01-2024,10:24:27,Monday,OTP Sharing,KYC Update Required,34750,Google Pay,P2M,txn4240@paytm,txn3668@okicici,ICICI Bank,Maharashtra,18-25,Male,Salaried Employee,Feature Phone,No,Yes,6-24 hours,No,Not Recovered,1
TXN162327312864,25-02-2024,22:07:03,Sunday,Fake UPI App,Refund Processing,8000,PhonePe,P2P,pay9137@okhdfcbank,user3292@okicici,SBI,Telangana,46-55,Male,Homemaker,Android,Yes,No,6-24 hours,No,Not Recovered,1
TXN350228036034,14-07-2023,14:45:15,Friday,Phishing,Job Offer/Part-time Work,3450,PhonePe,P2M,pay1925@apl,user1859@oksbi,Punjab National Bank,Uttar Pradesh,26-35,Female,Salaried Employee,Android,Yes,No,1-3 days,Yes,Partially Recovered,1
TXN482282808566,03-08-2024,05:14:48,Saturday,Vishing,Delivery Agent Scam,800,Google Pay,P2P,user7031@apl,pay7507@oksbi,ICICI Bank,Delhi,26-35,Female,Homemaker,Android,Yes,Yes,6-24 hours,No,Not Recovered,1
TXN545688827887,03-09-2023,14:58:40,Sunday,SIM Swap,Prize/Lottery Win,4300,Google Pay,P2P,pay4028@okhdfcbank,user7348@okhdfcbank,IndusInd Bank,Uttar Pradesh,26-35,Female,Student,Android,No,No,6-24 hours,No,Not Recovered,1
TXN646347124701,28-10-2023,09:36:47,Saturday,SIM Swap,Prize/Lottery Win,21050,PhonePe,P2M,acct6363@paytm,acct3707@paytm,IndusInd Bank,Telangana,36-45,Male,Salaried Employee,iOS,No,No,< 1 hour,No,Not Recovered,1
TXN308932000332,04-08-2024,15:18:50,Sunday,Money Mule,KYC Update Required,33150,PhonePe,P2P,acct7108@okhdfcbank,txn7840@okaxis,HDFC Bank,Karnataka,18-25,Male,Self-employed/Business,Android,Yes,No,6-24 hours,Yes,Under Investigation,1
TXN626405067331,30-01-2024,18:57:07,Tuesday,Vishing,Impersonation of Known Person,2850,Google Pay,Collect Request,user3511@oksbi,user7513@axl,SBI,Telangana,36-45,Female,Homemaker,Android,Yes,Yes,6-24 hours,No,Fully Recovered,1
TXN150037151638,01-05-2023,05:27:53,Monday,QR Code Swap,Refund Processing,550,Google Pay,P2P,mb8132@apl,acct4793@okaxis,ICICI Bank,Tamil Nadu,18-25,Male,Salaried Employee,iOS,Yes,No,1-6 hours,Yes,Fully Recovered,1
TXN644985948120,19-01-2024,12:38:23,Friday,QR Code Swap,Electricity Bill Disconnection,6350,Google Pay,P2P,mb7681@ibl,acct2416@ybl,ICICI Bank,Uttar Pradesh,56-65,Female,Self-employed/Business,Android,No,No,> 7 days,Yes,Partially Recovered,1
TXN863751208644,19-08-2023,11:22:41,Saturday,QR Code Swap,Prize/Lottery Win,24100,Paytm,Collect Request,acct2339@axl,user9214@apl,HDFC Bank,Andhra Pradesh,56-65,Male,Homemaker,Android,No,No,1-3 days,No,Not Recovered,1
TXN345270234753,13-05-2023,14:36:00,Saturday,Vishing,Delivery Agent Scam,6350,PhonePe,P2P,acct3551@oksbi,user9265@okhdfcbank,HDFC Bank,Gujarat,46-55,Female,Student,Feature Phone,Yes,No,1-3 days,Yes,Not Recovered,1
TXN494900229484,20-08-2024,08:04:44,Tuesday,Remote Access Scam,KYC Update Required,3650,BHIM,P2P,acct1173@ybl,txn7352@ibl,HDFC Bank,Maharashtra,26-35,Female,Retired,Android,Yes,No,6-24 hours,Yes,Not Recovered,1
TXN516729201130,31-10-2023,11:39:37,Tuesday,Social Engineering,Loan Offer,9850,PhonePe,P2P,user8986@okhdfcbank,acct5131@apl,Yes Bank,Karnataka,36-45,Male,Student,Android,Yes,No,< 1 hour,No,Not Recovered,1
TXN587505822916,04-07-2023,07:46:53,Tuesday,OTP Sharing,Job Offer/Part-time Work,39900,PhonePe,P2P,user9225@okicici,acct5501@axl,Bank of Baroda,Uttar Pradesh,26-35,Female,Student,Android,No,Yes,< 1 hour,No,Not Recovered,1
TXN946867184268,30-09-2024,16:03:16,Monday,Fake Collect Request,Customer Care Impersonation,18050,PhonePe,P2M,acct1718@ybl,pay4660@ibl,Bank of Baroda,Telangana,26-35,Female,Salaried Employee,Feature Phone,No,No,6-24 hours,Yes,Not Recovered,1
TXN405086717756,28-02-2025,15:31:14,Friday,OTP Sharing,KYC Update Required,24950,BHIM,P2M,acct7918@okhdfcbank,user2429@ybl,ICICI Bank,Karnataka,18-25,Male,Self-employed/Business,iOS,Yes,Yes,6-24 hours,Yes,Fully Recovered,1
TXN427050537850,09-02-2025,12:25:32,Sunday,Social Engineering,Digital Arrest Threat,29500,Google Pay,P2P,pay7401@okaxis,txn1982@apl,HDFC Bank,Telangana,18-25,Female,Salaried Employee,Android,Yes,Yes,1-3 days,Yes,Not Recovered,1
TXN662030167406,13-04-2023,08:42:17,Thursday,Fake Collect Request,Customer Care Impersonation,800,PhonePe,P2M,pay2114@paytm,mb2189@okicici,SBI,Maharashtra,26-35,Male,Student,Android,No,No,6-24 hours,Yes,Partially Recovered,1
TXN971660983787,09-12-2023,16:26:53,Saturday,Fake Collect Request,Prize/Lottery Win,67200,PhonePe,P2P,mb7660@okicici,pay9540@ybl,Bank of Baroda,Uttar Pradesh,46-55,Male,Self-employed/Business,Android,Yes,No,1-3 days,No,Not Recovered,1
TXN523001826409,22-08-2024,18:27:38,Thursday,Phishing,Refund Processing,650,PhonePe,P2P,mb3248@paytm,txn2490@paytm,Punjab National Bank,Gujarat,46-55,Female,Self-employed/Business,Feature Phone,No,Yes,1-3 days,No,Not Recovered,1
TXN942622559053,16-03-2024,14:39:40,Saturday,Phishing,Prize/Lottery Win,7200,Paytm,P2P,mb3281@ybl,pay6922@apl,SBI,Punjab,36-45,Male,Salaried Employee,Feature Phone,Yes,Yes,1-6 hours,Yes,Not Recovered,1
TXN260380089368,18-10-2024,11:51:29,Friday,Fake Collect Request,Refund Processing,2000,Google Pay,P2M,txn2180@ybl,user7169@apl,IndusInd Bank,Gujarat,26-35,Male,Self-employed/Business,iOS,Yes,No,1-6 hours,No,Not Recovered,1
TXN983733005202,07-05-2024,00:12:51,Tuesday,Social Engineering,Refund Processing,39900,Google Pay,P2P,user1672@okhdfcbank,txn2760@apl,Other,Bihar,36-45,Female,Self-employed/Business,Android,Yes,Yes,< 1 hour,Yes,Not Recovered,1
TXN705688975688,30-09-2024,10:50:06,Monday,Social Engineering,Loan Offer,6700,PhonePe,Collect Request,mb6189@oksbi,pay7279@oksbi,HDFC Bank,Karnataka,36-45,Male,Salaried Employee,Android,Yes,Yes,6-24 hours,No,Partially Recovered,1
TXN524555754325,06-10-2024,16:10:05,Sunday,Fake Collect Request,Electricity Bill Disconnection,7200,PhonePe,P2P,acct4496@oksbi,user2343@axl,IndusInd Bank,West Bengal,18-25,Male,Salaried Employee,Feature Phone,No,No,< 1 hour,Yes,Not Recovered,1
TXN850326186045,30-03-2025,13:09:47,Sunday,Social Engineering,Delivery Agent Scam,49600,Paytm,P2M,acct3758@axl,pay4570@ibl,Axis Bank,Uttar Pradesh,36-45,Male,Self-employed/Business,Android,Yes,Yes,6-24 hours,No,Partially Recovered,1
TXN381051331226,27-03-2024,12:15:45,Wednesday,Vishing,KYC Update Required,4450,Google Pay,P2M,txn4744@ybl,txn5257@paytm,Bank of Baroda,Punjab,66+,Female,Student,Android,Yes,Yes,1-6 hours,Yes,Not Recovered,1
TXN305797493516,09-09-2023,09:54:37,Saturday,OTP Sharing,Impersonation of Known Person,6600,Google Pay,P2P,pay7708@ybl,pay9528@okhdfcbank,SBI,Punjab,66+,Male,Salaried Employee,Android,Yes,No,< 1 hour,Yes,Fully Recovered,1
TXN684883194333,24-11-2023,20:39:03,Friday,Fake Collect Request,Investment Scheme,24300,Google Pay,Collect Request,user8578@apl,txn3931@okicici,HDFC Bank,Kerala,56-65,Male,Salaried Employee,iOS,No,No,6-24 hours,Yes,Not Recovered,1
TXN882155962475,28-09-2024,21:15:50,Saturday,Phishing,KYC Update Required,33900,PhonePe,P2P,pay3655@okaxis,user7183@okicici,SBI,Delhi,18-25,Male,Retired,Android,Yes,Yes,1-3 days,Yes,Not Recovered,1
TXN239585263297,01-04-2023,11:33:51,Saturday,QR Code Swap,Refund Processing,19000,BHIM,Collect Request,user4389@okhdfcbank,mb7021@ybl,Punjab National Bank,Delhi,26-35,Male,Homemaker,Android,Yes,No,1-3 days,Yes,Not Recovered,1
TXN633662227618,28-07-2023,16:26:24,Friday,Vishing,Customer Care Impersonation,3300,Google Pay,P2M,acct8640@paytm,txn4353@paytm,Punjab National Bank,Delhi,46-55,Male,Salaried Employee,iOS,No,No,1-3 days,Yes,Not Recovered,1
TXN462291153376,12-08-2023,12:03:15,Saturday,Remote Access Scam,Customer Care Impersonation,28300,PhonePe,P2M,pay6084@apl,pay1181@okhdfcbank,Punjab National Bank,Maharashtra,18-25,Male,Self-employed/Business,Android,Yes,No,6-24 hours,No,Fully Recovered,1
TXN901217515084,28-08-2023,18:35:17,Monday,Phishing,Refund Processing,9250,Google Pay,P2P,mb9289@okhdfcbank,pay7191@ibl,HDFC Bank,Uttar Pradesh,26-35,Male,Student,iOS,Yes,Yes,1-3 days,Yes,Partially Recovered,1
TXN276378107365,05-02-2025,17:46:46,Wednesday,OTP Sharing,Impersonation of Known Person,900,PhonePe,P2P,user5350@paytm,user4589@paytm,SBI,Karnataka,26-35,Male,Self-employed/Business,Android,Yes,No,1-3 days,No,Not Recovered,1
TXN407874428834,17-09-2023,21:31:07,Sunday,Phishing,Job Offer/Part-time Work,3400,BHIM,P2P,mb5018@oksbi,user8108@paytm,IndusInd Bank,Tamil Nadu,66+,Female,Self-employed/Business,iOS,No,Yes,6-24 hours,No,Not Recovered,1
TXN552530608738,04-01-2024,11:32:19,Thursday,QR Code Swap,Job Offer/Part-time Work,16650,PhonePe,Collect Request,acct7869@ibl,txn2329@oksbi,Yes Bank,Karnataka,36-45,Female,Farmer,Android,Yes,No,6-24 hours,Yes,Not Recovered,1
TXN367518341296,14-09-2023,16:59:42,Thursday,Phishing,Impersonation of Known Person,2250,PhonePe,P2P,mb3701@ibl,pay6359@axl,SBI,Rajasthan,46-55,Male,Retired,Android,Yes,No,6-24 hours,No,Under Investigation,1
TXN831678819537,24-06-2023,08:05:50,Saturday,SIM Swap,Digital Arrest Threat,1400,Google Pay,P2M,mb2433@okaxis,pay6075@ibl,SBI,Delhi,18-25,Female,Salaried Employee,Android,No,No,> 7 days,No,Not Recovered,1
TXN872132363439,12-07-2023,05:37:05,Wednesday,Money Mule,Refund Processing,6600,PhonePe,P2P,mb2574@paytm,mb4666@ybl,Canara Bank,Madhya Pradesh,56-65,Female,Student,Android,Yes,No,< 1 hour,No,Not Recovered,1
TXN259419385522,03-05-2023,12:21:42,Wednesday,Phishing,Delivery Agent Scam,8700,Google Pay,P2P,user8355@okicici,pay2203@ybl,HDFC Bank,Uttar Pradesh,36-45,Male,Self-employed/Business,Feature Phone,Yes,Yes,1-6 hours,Yes,Not Recovered,1
TXN303536606385,06-03-2024,17:37:15,Wednesday,OTP Sharing,Loan Offer,2500,Google Pay,P2P,acct8594@axl,txn8366@okicici,IndusInd Bank,Bihar,36-45,Female,Self-employed/Business,Android,No,No,1-6 hours,Yes,Not Recovered,1
TXN300664240999,29-02-2024,18:45:27,Thursday,OTP Sharing,Customer Care Impersonation,99250,Google Pay,Collect Request,acct1629@okaxis,txn6619@ibl,ICICI Bank,Tamil Nadu,46-55,Male,Salaried Employee,Feature Phone,No,No,1-3 days,No,Not Recovered,1
TXN894414943048,11-03-2024,00:30:49,Monday,Fake UPI App,Customer Care Impersonation,6750,Google Pay,P2P,mb9964@ybl,mb8478@okaxis,Axis Bank,Telangana,46-55,Female,Daily Wage Worker,Android,Yes,No,1-6 hours,No,Partially Recovered,1
TXN381662081479,17-01-2024,11:26:37,Wednesday,Fake Collect Request,Impersonation of Known Person,17800,Paytm,P2M,acct5347@okaxis,mb4755@okaxis,Canara Bank,West Bengal,26-35,Male,Salaried Employee,Android,No,No,1-3 days,No,Partially Recovered,1
TXN708430601575,14-11-2023,22:28:15,Tuesday,Vishing,Job Offer/Part-time Work,2300,Google Pay,P2P,txn2898@oksbi,acct6383@okicici,Other,West Bengal,26-35,Female,Student,iOS,No,Yes,1-6 hours,Yes,Not Recovered,1
TXN862538456066,10-10-2024,16:00:43,Thursday,QR Code Swap,Electricity Bill Disconnection,3000,Google Pay,P2P,mb2123@okhdfcbank,pay2989@okaxis,Bank of Baroda,Bihar,18-25,Male,Daily Wage Worker,Android,No,No,1-6 hours,Yes,Not Recovered,1
TXN697813492143,02-12-2023,07:49:50,Saturday,SIM Swap,Customer Care Impersonation,2750,Google Pay,P2M,txn1298@okhdfcbank,user3658@okicici,SBI,Karnataka,26-35,Male,Salaried Employee,Android,Yes,No,< 1 hour,Yes,Partially Recovered,1
TXN352306355987,16-03-2024,09:52:44,Saturday,Fake Collect Request,Delivery Agent Scam,7900,PhonePe,Collect Request,acct8501@axl,txn7043@oksbi,ICICI Bank,Karnataka,56-65,Female,Student,Android,No,No,6-24 hours,No,Not Recovered,1
TXN709868758900,13-05-2023,05:12:00,Saturday,Fake Collect Request,Investment Scheme,1850,Google Pay,Collect Request,txn2962@okaxis,txn5031@ybl,SBI,Bihar,36-45,Male,Student,iOS,Yes,No,6-24 hours,Yes,Not Recovered,1
TXN457707017893,01-10-2024,19:18:02,Tuesday,Fake UPI App,Refund Processing,1100,Google Pay,Collect Request,pay2524@okicici,mb2640@ibl,Yes Bank,Andhra Pradesh,66+,Female,Farmer,Feature Phone,Yes,No,1-6 hours,No,Not Recovered,1
TXN429243172232,26-07-2023,07:16:49,Wednesday,Vishing,Delivery Agent Scam,31000,PhonePe,P2P,user7613@okaxis,txn7884@okhdfcbank,Kotak Mahindra Bank,Tamil Nadu,36-45,Male,Salaried Employee,Feature Phone,Yes,No,6-24 hours,No,Fully Recovered,1
TXN791935869243,02-02-2025,11:47:03,Sunday,Phishing,KYC Update Required,1700,Google Pay,P2P,user8705@oksbi,pay3774@apl,SBI,Karnataka,56-65,Male,Daily Wage Worker,Feature Phone,No,Yes,1-6 hours,Yes,Not Recovered,1
TXN775379444078,01-12-2023,23:00:43,Friday,Fake Collect Request,Electricity Bill Disconnection,5000,PhonePe,P2P,user7884@ybl,mb9153@okaxis,SBI,Madhya Pradesh,26-35,Male,Self-employed/Business,Android,Yes,No,1-6 hours,No,Not Recovered,1
TXN886881838614,27-07-2023,12:12:47,Thursday,Vishing,Prize/Lottery Win,900,PhonePe,P2M,user1225@axl,user6592@oksbi,HDFC Bank,West Bengal,36-45,Female,Salaried Employee,Android,Yes,Yes,1-6 hours,Yes,Under Investigation,1
TXN577917750435,01-07-2024,08:46:41,Monday,SIM Swap,Investment Scheme,35650,PhonePe,P2M,user5130@okaxis,acct8595@okicici,SBI,Kerala,26-35,Male,Salaried Employee,Android,Yes,No,6-24 hours,Yes,Fully Recovered,1
TXN398030335767,02-06-2023,19:53:03,Friday,SIM Swap,KYC Update Required,6650,PhonePe,P2P,pay8870@oksbi,acct3187@okaxis,Kotak Mahindra Bank,Rajasthan,56-65,Male,Student,Android,No,No,1-6 hours,Yes,Not Recovered,1
TXN369765650983,27-11-2023,16:24:14,Monday,Money Mule,Electricity Bill Disconnection,6200,Google Pay,P2P,mb9682@okicici,acct9656@okaxis,Canara Bank,Karnataka,46-55,Male,Salaried Employee,iOS,Yes,No,6-24 hours,Yes,Fully Recovered,1
TXN784926399593,31-08-2023,22:20:49,Thursday,OTP Sharing,Customer Care Impersonation,9650,Google Pay,P2M,pay5012@ibl,user6507@ibl,Bank of Baroda,Uttar Pradesh,36-45,Male,Salaried Employee,Android,Yes,Yes,1-6 hours,No,Partially Recovered,1
TXN908401889043,26-07-2024,18:34:21,Friday,QR Code Swap,KYC Update Required,4300,PhonePe,P2P,pay4579@ibl,user1599@ybl,ICICI Bank,Karnataka,18-25,Female,Homemaker,Android,No,No,< 1 hour,No,Under Investigation,1
TXN867756870798,12-04-2023,21:26:07,Wednesday,Money Mule,Prize/Lottery Win,8700,Google Pay,P2P,user9020@oksbi,acct6418@okhdfcbank,Punjab National Bank,Haryana,18-25,Female,Daily Wage Worker,iOS,Yes,No,1-6 hours,Yes,Not Recovered,1
TXN315646317568,30-06-2023,14:14:59,Friday,Fake Collect Request,KYC Update Required,1950,Google Pay,P2P,pay5833@paytm,user8364@oksbi,Punjab National Bank,Uttar Pradesh,26-35,Male,Salaried Employee,Android,No,No,1-6 hours,No,Not Recovered,1
TXN332604838756,24-12-2024,08:07:46,Tuesday,Social Engineering,Delivery Agent Scam,1800,PhonePe,P2M,user3518@axl,user8120@oksbi,SBI,Madhya Pradesh,46-55,Female,Salaried Employee,Android,Yes,Yes,< 1 hour,No,Not Recovered,1
TXN588744586006,17-03-2025,19:17:45,Monday,Fake Collect Request,Investment Scheme,9350,Paytm,Collect Request,txn6172@ybl,mb4508@okaxis,SBI,Bihar,56-65,Female,Student,Feature Phone,No,No,6-24 hours,Yes,Under Investigation,1
TXN977168903647,18-10-2023,12:24:49,Wednesday,Fake Collect Request,Impersonation of Known Person,44050,PhonePe,P2M,pay4940@okaxis,mb9907@okhdfcbank,SBI,Karnataka,46-55,Female,Daily Wage Worker,Android,Yes,No,6-24 hours,Yes,Partially Recovered,1
TXN188247517418,04-12-2023,14:05:21,Monday,Fake Collect Request,Prize/Lottery Win,1050,PhonePe,Collect Request,txn8551@okicici,txn6532@okaxis,Canara Bank,Uttar Pradesh,18-25,Male,Student,Android,No,No,6-24 hours,Yes,Not Recovered,1
TXN794871874438,04-05-2023,18:49:01,Thursday,SIM Swap,Job Offer/Part-time Work,24150,Google Pay,Collect Request,mb1423@okicici,txn6125@axl,SBI,West Bengal,18-25,Male,Farmer,Android,Yes,No,< 1 hour,No,Partially Recovered,1
TXN654224225564,17-02-2025,08:58:32,Monday,OTP Sharing,Refund Processing,14250,Google Pay,P2M,acct8656@okaxis,user1800@okaxis,Axis Bank,Telangana,36-45,Male,Salaried Employee,iOS,Yes,Yes,1-3 days,No,Not Recovered,1
TXN146083279772,06-02-2025,10:15:24,Thursday,Vishing,Customer Care Impersonation,3500,PhonePe,P2P,mb1645@paytm,user7663@oksbi,Canara Bank,Gujarat,26-35,Male,Farmer,Android,Yes,Yes,1-6 hours,Yes,Not Recovered,1
TXN683751489031,03-12-2023,12:54:39,Sunday,Fake Collect Request,KYC Update Required,5150,Paytm,P2M,user5286@ybl,pay9969@paytm,SBI,Madhya Pradesh,46-55,Female,Daily Wage Worker,iOS,No,No,1-3 days,No,Not Recovered,1
TXN930731714158,23-08-2024,20:15:33,Friday,Phishing,Loan Offer,13100,PhonePe,P2P,pay7033@apl,acct4504@okhdfcbank,Punjab National Bank,Delhi,18-25,Male,Salaried Employee,Android,Yes,Yes,6-24 hours,No,Not Recovered,1
TXN311715401083,12-02-2024,22:16:05,Monday,QR Code Swap,Loan Offer,1300,PhonePe,P2M,user2386@paytm,acct6041@axl,Yes Bank,Maharashtra,66+,Male,Self-employed/Business,Android,No,No,1-6 hours,Yes,Not Recovered,1
TXN417988817193,12-01-2024,20:32:36,Friday,Remote Access Scam,Prize/Lottery Win,5200,Google Pay,P2M,user5773@oksbi,pay4541@oksbi,Other,Madhya Pradesh,46-55,Male,Farmer,Android,No,No,6-24 hours,Yes,Partially Recovered,1
TXN845738923675,29-03-2024,09:33:16,Friday,Fake Collect Request,Electricity Bill Disconnection,29000,PhonePe,P2P,pay9070@oksbi,pay7635@ibl,Axis Bank,Uttar Pradesh,26-35,Male,Homemaker,iOS,Yes,No,6-24 hours,Yes,Not Recovered,1
TXN129293175298,18-11-2023,05:26:54,Saturday,Phishing,Customer Care Impersonation,650,Google Pay,P2P,user2748@ibl,acct2835@apl,ICICI Bank,Haryana,36-45,Male,Self-employed/Business,Android,Yes,Yes,6-24 hours,No,Partially Recovered,1
TXN181853250700,09-08-2023,20:33:59,Wednesday,Phishing,KYC Update Required,7750,PhonePe,Collect Request,txn2161@okhdfcbank,mb5699@okhdfcbank,Bank of Baroda,Rajasthan,46-55,Male,Salaried Employee,Android,No,Yes,6-24 hours,Yes,Not Recovered,1
TXN142665251122,04-10-2024,11:14:25,Friday,Fake Collect Request,Impersonation of Known Person,2100,PhonePe,P2M,txn3130@apl,mb7672@okaxis,Punjab National Bank,Tamil Nadu,46-55,Male,Salaried Employee,Android,Yes,No,6-24 hours,Yes,Not Recovered,1
TXN197098161351,10-04-2024,16:49:50,Wednesday,Vishing,Loan Offer,8250,Google Pay,P2P,user7328@okicici,acct2190@ibl,ICICI Bank,Rajasthan,66+,Female,Daily Wage Worker,iOS,No,Yes,3-7 days,Yes,Fully Recovered,1
TXN224727318468,04-11-2023,08:11:49,Saturday,Phishing,Electricity Bill Disconnection,36650,PhonePe,P2P,pay5980@apl,user9647@paytm,ICICI Bank,Karnataka,26-35,Male,Student,iOS,Yes,Yes,< 1 hour,No,Not Recovered,1
TXN738079504673,16-10-2023,11:15:30,Monday,Fake UPI App,Loan Offer,49150,PhonePe,P2P,user5740@ybl,mb3978@okaxis,SBI,Haryana,18-25,Male,Self-employed/Business,Android,Yes,No,6-24 hours,Yes,Not Recovered,1
TXN424365432448,07-07-2024,23:37:51,Sunday,Phishing,Investment Scheme,21550,Google Pay,Collect Request,pay9769@ibl,mb7293@oksbi,Punjab National Bank,Tamil Nadu,56-65,Male,Student,iOS,No,No,1-3 days,No,Partially Recovered,1
TXN546911844970,29-08-2023,11:06:18,Tuesday,Phishing,KYC Update Required,7550,BHIM,Collect Request,mb1376@apl,acct3539@axl,Canara Bank,Tamil Nadu,46-55,Female,Salaried Employee,iOS,Yes,No,1-3 days,Yes,Partially Recovered,1
TXN931338823148,15-01-2025,08:48:26,Wednesday,Remote Access Scam,Electricity Bill Disconnection,1400,Amazon Pay,P2P,user5664@okaxis,txn7676@okhdfcbank,HDFC Bank,Telangana,26-35,Female,Daily Wage Worker,Android,No,No,6-24 hours,No,Fully Recovered,1
TXN571624956304,24-08-2023,21:36:39,Thursday,QR Code Swap,KYC Update Required,800,PhonePe,P2M,user3387@oksbi,mb6139@ibl,Axis Bank,Uttar Pradesh,46-55,Male,Self-employed/Business,Android,Yes,No,6-24 hours,Yes,Fully Recovered,1
TXN170391448610,02-08-2023,10:12:49,Wednesday,Vishing,Investment Scheme,6950,PhonePe,Collect Request,user2913@axl,mb4310@okhdfcbank,Canara Bank,Tamil Nadu,46-55,Female,Homemaker,Android,No,No,< 1 hour,No,Not Recovered,1
TXN589409048227,23-06-2023,17:52:39,Friday,Vishing,Refund Processing,51650,Google Pay,P2P,acct3353@okaxis,txn4612@ybl,Punjab National Bank,Karnataka,18-25,Male,Self-employed/Business,iOS,Yes,No,6-24 hours,No,Partially Recovered,1
TXN719166659283,02-01-2024,02:31:28,Tuesday,QR Code Swap,Customer Care Impersonation,2650,Google Pay,P2M,mb2094@ybl,user7509@apl,SBI,Karnataka,56-65,Female,Salaried Employee,Android,No,No,1-3 days,No,Partially Recovered,1
TXN186335957518,19-02-2025,14:04:12,Wednesday,Phishing,Refund Processing,2350,Google Pay,P2P,mb3676@okaxis,acct2845@oksbi,Other,Bihar,66+,Male,Student,Android,No,Yes,< 1 hour,No,Not Recovered,1
TXN149436227305,06-06-2024,10:32:42,Thursday,Vishing,Electricity Bill Disconnection,4250,PhonePe,P2P,user8064@ybl,txn1866@oksbi,HDFC Bank,Tamil Nadu,26-35,Male,Salaried Employee,Android,Yes,Yes,3-7 days,Yes,Partially Recovered,1
TXN384298425502,06-07-2024,09:16:53,Saturday,Phishing,Impersonation of Known Person,5900,PhonePe,P2M,mb7879@okicici,mb9947@ibl,SBI,Bihar,56-65,Female,Student,iOS,No,Yes,1-3 days,No,Fully Recovered,1
TXN872173305287,16-08-2024,19:43:38,Friday,QR Code Swap,Prize/Lottery Win,24200,Paytm,Collect Request,mb9922@axl,acct2949@paytm,Bank of Baroda,West Bengal,56-65,Male,Salaried Employee,Android,Yes,No,1-6 hours,No,Partially Recovered,1
TXN825305947908,02-08-2024,17:25:55,Friday,Social Engineering,Refund Processing,3650,PhonePe,P2M,txn1243@ibl,mb8328@okhdfcbank,SBI,Delhi,46-55,Female,Salaried Employee,Android,Yes,Yes,1-6 hours,No,Not Recovered,1
TXN238119005555,04-03-2025,10:36:09,Tuesday,SIM Swap,Electricity Bill Disconnection,6450,PhonePe,P2M,user6421@okaxis,mb4765@apl,SBI,Karnataka,36-45,Male,Homemaker,Android,Yes,No,1-6 hours,No,Not Recovered,1
TXN583848822926,17-06-2024,22:38:45,Monday,OTP Sharing,Job Offer/Part-time Work,7400,Google Pay,P2M,user6848@okicici,pay9912@axl,SBI,Andhra Pradesh,26-35,Female,Self-employed/Business,Android,No,Yes,6-24 hours,No,Not Recovered,1
TXN655925382244,02-07-2024,12:12:34,Tuesday,SIM Swap,Loan Offer,5200,PhonePe,P2M,acct3521@okicici,txn9456@oksbi,Punjab National Bank,Bihar,26-35,Male,Student,Android,Yes,No,6-24 hours,No,Not Recovered,1
TXN130229336163,18-08-2024,23:02:50,Sunday,OTP Sharing,Loan Offer,4150,Google Pay,P2P,user3751@ybl,mb3882@ibl,IndusInd Bank,Karnataka,36-45,Female,Retired,Android,Yes,Yes,1-3 days,No,Not Recovered,1
TXN697836116516,18-04-2024,10:11:59,Thursday,Fake Collect Request,Electricity Bill Disconnection,3600,PhonePe,P2M,mb2689@ibl,acct3693@ybl,SBI,Telangana,26-35,Female,Student,Android,No,No,1-6 hours,No,Not Recovered,1
TXN218130847451,21-06-2023,17:58:20,Wednesday,Phishing,Job Offer/Part-time Work,21850,PhonePe,P2P,mb7409@ibl,txn1420@paytm,ICICI Bank,Odisha,36-45,Female,Retired,Android,Yes,Yes,1-6 hours,No,Not Recovered,1
TXN630853667296,13-09-2024,10:24:54,Friday,Fake Collect Request,Refund Processing,1150,PhonePe,P2P,pay1768@oksbi,mb6465@oksbi,Punjab National Bank,Madhya Pradesh,46-55,Male,Daily Wage Worker,iOS,No,No,1-3 days,No,Not Recovered,1
TXN451549770445,01-01-2024,19:05:53,Monday,Vishing,Loan Offer,2350,PhonePe,P2P,user1263@ybl,pay2787@ybl,HDFC Bank,Uttar Pradesh,26-35,Male,Retired,iOS,Yes,Yes,6-24 hours,No,Partially Recovered,1
TXN254147171906,29-06-2023,05:22:11,Thursday,QR Code Swap,Loan Offer,6000,Google Pay,Collect Request,txn8014@axl,user6315@apl,SBI,Gujarat,36-45,Female,Salaried Employee,Android,Yes,No,6-24 hours,No,Not Recovered,1
TXN294510619038,30-05-2024,19:28:34,Thursday,QR Code Swap,Refund Processing,2700,Amazon Pay,Collect Request,mb3111@ybl,mb2944@okhdfcbank,Punjab National Bank,Telangana,46-55,Male,Self-employed/Business,iOS,No,No,1-6 hours,No,Partially Recovered,1
TXN452211239974,10-03-2025,13:21:01,Monday,Phishing,Prize/Lottery Win,26300,PhonePe,P2M,txn8872@okaxis,mb4343@axl,Other,Karnataka,46-55,Male,Retired,Android,No,Yes,1-3 days,No,Partially Recovered,1
TXN920981730260,20-10-2024,18:43:06,Sunday,Vishing,Job Offer/Part-time Work,4150,Amazon Pay,P2M,user3125@ibl,mb3747@ibl,Yes Bank,Delhi,26-35,Female,Salaried Employee,Feature Phone,No,Yes,6-24 hours,Yes,Not Recovered,1
TXN556317720121,20-01-2024,09:04:33,Saturday,Phishing,Prize/Lottery Win,21600,PhonePe,P2P,txn9020@okicici,pay8588@ibl,SBI,Delhi,46-55,Female,Salaried Employee,iOS,Yes,Yes,1-6 hours,Yes,Not Recovered,1
TXN201441164058,25-04-2023,14:49:30,Tuesday,QR Code Swap,Loan Offer,20900,PhonePe,P2P,mb8431@axl,mb4950@okhdfcbank,HDFC Bank,Rajasthan,46-55,Female,Self-employed/Business,Android,Yes,No,1-6 hours,No,Partially Recovered,1
TXN334568819406,06-05-2024,06:55:11,Monday,OTP Sharing,Loan Offer,92300,PhonePe,P2M,acct3804@okhdfcbank,acct6356@okhdfcbank,Other,Rajasthan,18-25,Female,Farmer,Android,Yes,Yes,3-7 days,Yes,Fully Recovered,1
TXN532968101839,15-01-2025,11:35:35,Wednesday,Phishing,Prize/Lottery Win,35650,Google Pay,Collect Request,txn5049@okaxis,mb6449@ybl,Axis Bank,Andhra Pradesh,46-55,Male,Self-employed/Business,Android,No,Yes,6-24 hours,No,Not Recovered,1
TXN223346154816,16-12-2023,15:49:31,Saturday,Fake Collect Request,Job Offer/Part-time Work,12950,Google Pay,P2P,pay9033@ibl,pay9502@oksbi,ICICI Bank,Haryana,36-45,Female,Self-employed/Business,Android,No,No,6-24 hours,No,Not Recovered,1
TXN583479835557,12-08-2023,09:51:43,Saturday,SIM Swap,Investment Scheme,1250,Google Pay,P2P,txn4450@ibl,mb6855@okicici,HDFC Bank,Uttar Pradesh,46-55,Female,Student,Android,Yes,No,3-7 days,No,Fully Recovered,1
TXN331731070074,29-11-2023,16:25:59,Wednesday,Phishing,Prize/Lottery Win,22300,PhonePe,Collect Request,mb2533@okaxis,pay3743@ibl,ICICI Bank,Madhya Pradesh,46-55,Male,Student,Android,Yes,No,1-3 days,Yes,Not Recovered,1
TXN225205973468,08-02-2025,03:19:12,Saturday,QR Code Swap,Customer Care Impersonation,9200,PhonePe,P2P,pay3578@okhdfcbank,acct7719@paytm,SBI,Telangana,36-45,Male,Salaried Employee,Android,Yes,No,3-7 days,Yes,Not Recovered,1
TXN923014406546,05-02-2025,08:07:38,Wednesday,SIM Swap,Loan Offer,5950,PhonePe,P2P,pay1606@ybl,mb4153@axl,ICICI Bank,Karnataka,26-35,Male,Student,iOS,Yes,No,3-7 days,No,Partially Recovered,1
TXN250246476555,24-04-2024,11:34:00,Wednesday,OTP Sharing,KYC Update Required,4700,Google Pay,P2P,pay5697@axl,pay1280@oksbi,HDFC Bank,West Bengal,46-55,Male,Homemaker,iOS,Yes,Yes,6-24 hours,Yes,Not Recovered,1
TXN702837383722,18-03-2025,20:22:46,Tuesday,Vishing,Electricity Bill Disconnection,23300,PhonePe,P2M,txn9841@ibl,acct6028@okicici,SBI,Gujarat,36-45,Female,Self-employed/Business,Android,Yes,Yes,< 1 hour,No,Not Recovered,1
TXN124012357589,04-11-2023,20:16:04,Saturday,Social Engineering,Customer Care Impersonation,10400,PhonePe,P2M,acct4738@okicici,pay5610@apl,Axis Bank,Telangana,36-45,Male,Salaried Employee,Android,Yes,Yes,6-24 hours,No,Not Recovered,1
TXN565439447306,25-01-2025,22:06:21,Saturday,Vishing,Refund Processing,60400,PhonePe,P2M,txn2063@ibl,acct6702@ibl,HDFC Bank,West Bengal,46-55,Female,Student,Android,No,Yes,1-3 days,No,Not Recovered,1
TXN402359849362,17-01-2024,13:11:15,Wednesday,Vishing,Delivery Agent Scam,12250,PhonePe,P2M,user9011@okicici,acct9458@okaxis,Canara Bank,West Bengal,26-35,Male,Salaried Employee,Android,Yes,Yes,< 1 hour,No,Fully Recovered,1
TXN417270218442,09-10-2024,01:06:51,Wednesday,OTP Sharing,Customer Care Impersonation,2450,BHIM,P2M,txn9694@ybl,acct5919@oksbi,SBI,Telangana,18-25,Female,Self-employed/Business,Android,Yes,Yes,1-6 hours,Yes,Not Recovered,1
TXN585068196637,15-05-2024,09:45:12,Wednesday,Phishing,Electricity Bill Disconnection,6500,PhonePe,P2M,txn8167@axl,acct3439@okhdfcbank,ICICI Bank,Uttar Pradesh,56-65,Female,Student,Android,No,Yes,1-6 hours,No,Under Investigation,1
TXN378803203815,27-03-2024,15:33:15,Wednesday,Fake UPI App,Digital Arrest Threat,17800,PhonePe,P2P,user1321@ybl,mb4865@apl,Punjab National Bank,Karnataka,18-25,Male,Salaried Employee,Android,Yes,No,< 1 hour,Yes,Not Recovered,1
TXN537711180656,17-10-2024,07:45:36,Thursday,SIM Swap,Refund Processing,45700,Google Pay,P2M,mb9670@paytm,pay2066@oksbi,SBI,Gujarat,36-45,Male,Student,Android,Yes,No,< 1 hour,No,Not Recovered,1
TXN908359812364,18-07-2024,15:43:07,Thursday,Fake UPI App,Customer Care Impersonation,4300,BHIM,P2P,mb5736@okhdfcbank,mb8308@okaxis,Other,Gujarat,18-25,Female,Student,Android,Yes,No,1-6 hours,No,Partially Recovered,1
TXN980353360188,08-06-2023,17:58:16,Thursday,Phishing,Investment Scheme,4700,PhonePe,Collect Request,user4853@ibl,mb9404@apl,SBI,Telangana,26-35,Male,Retired,Android,No,Yes,6-24 hours,No,Not Recovered,1
TXN672759877171,19-11-2024,13:09:57,Tuesday,Phishing,Job Offer/Part-time Work,51450,BHIM,Collect Request,mb4819@paytm,mb7124@paytm,Canara Bank,Gujarat,36-45,Female,Farmer,iOS,Yes,No,3-7 days,Yes,Fully Recovered,1
TXN398888620722,12-04-2023,14:03:51,Wednesday,Phishing,Customer Care Impersonation,8450,Google Pay,Collect Request,pay7938@apl,mb3464@paytm,SBI,Rajasthan,36-45,Male,Salaried Employee,Android,No,Yes,6-24 hours,Yes,Not Recovered,1
TXN859386638930,06-05-2024,15:42:59,Monday,Fake UPI App,KYC Update Required,5400,PhonePe,Collect Request,mb4672@ibl,acct6800@okhdfcbank,Axis Bank,Maharashtra,36-45,Male,Self-employed/Business,Android,Yes,No,6-24 hours,Yes,Not Recovered,1
TXN110496669989,15-07-2024,15:54:51,Monday,OTP Sharing,Delivery Agent Scam,6500,PhonePe,P2M,pay6538@okhdfcbank,acct3332@okicici,HDFC Bank,Maharashtra,18-25,Female,Homemaker,Android,Yes,Yes,3-7 days,Yes,Not Recovered,1
TXN678759278255,30-03-2024,15:15:52,Saturday,OTP Sharing,Job Offer/Part-time Work,4250,Google Pay,P2P,acct2116@axl,user2038@okhdfcbank,Axis Bank,Telangana,36-45,Female,Student,Android,Yes,No,1-3 days,Yes,Not Recovered,1
TXN148312478111,02-02-2024,07:53:07,Friday,Fake Collect Request,Delivery Agent Scam,21900,Google Pay,P2P,txn6262@apl,mb2546@axl,SBI,Maharashtra,36-45,Female,Salaried Employee,Android,Yes,No,6-24 hours,Yes,Not Recovered,1
TXN924338905639,06-03-2024,19:44:01,Wednesday,Social Engineering,Electricity Bill Disconnection,3150,Google Pay,P2P,user9450@okicici,txn9818@apl,Yes Bank,Madhya Pradesh,36-45,Male,Salaried Employee,Android,Yes,Yes,1-3 days,No,Not Recovered,1
TXN691258804217,05-01-2025,05:34:58,Sunday,OTP Sharing,Investment Scheme,40150,PhonePe,P2P,mb5079@axl,mb8214@ybl,SBI,West Bengal,18-25,Male,Self-employed/Business,Android,Yes,Yes,1-6 hours,Yes,Not Recovered,1
TXN482443165726,31-08-2024,12:19:44,Saturday,Social Engineering,KYC Update Required,1200,PhonePe,P2P,user2153@paytm,user7921@okaxis,Punjab National Bank,Tamil Nadu,66+,Female,Retired,Android,No,No,1-3 days,Yes,Under Investigation,1
TXN249494899012,19-11-2023,20:34:48,Sunday,SIM Swap,Job Offer/Part-time Work,13400,Google Pay,P2P,txn9689@ybl,pay1769@ybl,HDFC Bank,Rajasthan,26-35,Female,Self-employed/Business,Android,Yes,No,< 1 hour,No,Not Recovered,1
TXN960928862867,20-04-2024,23:43:55,Saturday,Vishing,Prize/Lottery Win,43250,PhonePe,P2P,txn6225@oksbi,pay9297@okaxis,Canara Bank,Tamil Nadu,26-35,Male,Self-employed/Business,Feature Phone,Yes,Yes,1-3 days,Yes,Not Recovered,1
TXN305538131650,09-06-2024,08:54:50,Sunday,Vishing,Refund Processing,24350,Google Pay,P2P,user3865@okicici,txn3966@paytm,SBI,Uttar Pradesh,18-25,Female,Student,Android,No,Yes,1-6 hours,Yes,Fully Recovered,1
TXN104552530556,12-06-2024,22:30:44,Wednesday,OTP Sharing,Loan Offer,2550,PhonePe,P2P,mb1245@okhdfcbank,acct9458@axl,SBI,Madhya Pradesh,36-45,Male,Farmer,Android,Yes,Yes,6-24 hours,No,Under Investigation,1
TXN284337942285,05-08-2024,17:35:08,Monday,Phishing,Delivery Agent Scam,1700,Google Pay,P2P,user4340@apl,txn4748@paytm,ICICI Bank,Tamil Nadu,56-65,Male,Self-employed/Business,Feature Phone,Yes,Yes,1-6 hours,No,Not Recovered,1
TXN977728231849,16-03-2024,10:22:44,Saturday,Fake Collect Request,Refund Processing,4200,Google Pay,P2P,txn1772@okaxis,acct5169@ybl,Axis Bank,Karnataka,36-45,Female,Salaried Employee,Android,No,No,6-24 hours,No,Partially Recovered,1
TXN582972294171,28-01-2025,12:41:29,Tuesday,Vishing,Digital Arrest Threat,900,PhonePe,Collect Request,acct4379@oksbi,txn3725@paytm,HDFC Bank,Punjab,18-25,Male,Homemaker,Android,No,No,1-3 days,No,Not Recovered,1
TXN767380421086,21-09-2023,04:55:53,Thursday,Fake Collect Request,Delivery Agent Scam,2700,PhonePe,P2M,pay6324@apl,mb3372@ybl,SBI,West Bengal,56-65,Male,Farmer,iOS,Yes,No,1-3 days,No,Not Recovered,1
TXN838376989667,30-12-2024,21:21:54,Monday,Vishing,Loan Offer,2150,Google Pay,P2M,txn5286@ybl,acct1876@apl,ICICI Bank,Punjab,56-65,Female,Salaried Employee,Android,Yes,Yes,1-3 days,Yes,Partially Recovered,1
TXN909768266393,02-11-2023,19:56:23,Thursday,OTP Sharing,Impersonation of Known Person,6800,Google Pay,P2M,acct7972@apl,mb3539@okaxis,Bank of Baroda,Rajasthan,46-55,Male,Student,Android,Yes,Yes,< 1 hour,No,Not Recovered,1
TXN815355781554,08-02-2024,23:20:30,Thursday,Fake Collect Request,Delivery Agent Scam,1500,PhonePe,P2P,pay8365@okicici,mb4857@oksbi,Yes Bank,Karnataka,46-55,Female,Student,Feature Phone,Yes,No,3-7 days,Yes,Not Recovered,1
TXN113387297013,02-11-2024,19:09:07,Saturday,Money Mule,Prize/Lottery Win,9100,Paytm,P2P,pay4768@okicici,user1266@okhdfcbank,Yes Bank,Karnataka,56-65,Male,Homemaker,Feature Phone,Yes,No,6-24 hours,Yes,Not Recovered,1
TXN420202836507,09-03-2025,14:29:27,Sunday,Vishing,Customer Care Impersonation,550,Google Pay,Collect Request,txn4997@okhdfcbank,mb9361@okaxis,ICICI Bank,Delhi,36-45,Female,Salaried Employee,Android,Yes,No,1-6 hours,No,Not Recovered,1
TXN999237553087,07-08-2024,10:50:48,Wednesday,SIM Swap,Delivery Agent Scam,6150,Google Pay,Collect Request,txn6397@axl,acct2221@ibl,SBI,Telangana,26-35,Female,Homemaker,Android,Yes,No,< 1 hour,Yes,Partially Recovered,1
TXN454513703834,21-04-2023,21:02:27,Friday,QR Code Swap,Refund Processing,37800,Google Pay,Collect Request,user7534@ybl,mb8691@okaxis,SBI,Rajasthan,18-25,Male,Retired,Android,No,No,> 7 days,Yes,Not Recovered,1
TXN721203793440,17-09-2024,16:23:49,Tuesday,Fake Collect Request,Electricity Bill Disconnection,1350,Google Pay,P2M,user8741@apl,acct2190@ibl,SBI,Delhi,26-35,Male,Homemaker,Android,Yes,No,6-24 hours,No,Not Recovered,1
TXN517414007217,02-05-2023,12:37:27,Tuesday,Phishing,Impersonation of Known Person,2300,Google Pay,P2P,user5959@okhdfcbank,mb1095@ibl,SBI,Tamil Nadu,56-65,Male,Homemaker,iOS,Yes,No,1-6 hours,No,Partially Recovered,1
TXN544925199692,21-08-2023,22:50:29,Monday,Vishing,Refund Processing,5950,Google Pay,P2P,pay8139@ybl,pay3665@okicici,Punjab National Bank,Rajasthan,26-35,Female,Salaried Employee,iOS,Yes,Yes,6-24 hours,No,Partially Recovered,1
TXN100542965681,08-12-2024,22:21:32,Sunday,Fake Collect Request,KYC Update Required,4900,Google Pay,P2P,mb3318@okicici,txn9141@okaxis,Canara Bank,Haryana,56-65,Male,Salaried Employee,Android,No,No,6-24 hours,Yes,Partially Recovered,1
TXN160151261238,28-03-2025,15:46:03,Friday,Phishing,KYC Update Required,4900,PhonePe,P2P,user8954@apl,mb3994@okicici,Yes Bank,Haryana,26-35,Female,Salaried Employee,Android,No,No,1-6 hours,Yes,Not Recovered,1
TXN295895255444,06-03-2025,10:28:15,Thursday,Phishing,Customer Care Impersonation,138000,Google Pay,P2P,acct2789@okhdfcbank,txn4046@axl,SBI,Uttar Pradesh,56-65,Female,Student,Android,Yes,No,6-24 hours,Yes,Fully Recovered,1
TXN442674857292,22-06-2023,18:02:47,Thursday,Vishing,Customer Care Impersonation,78900,PhonePe,P2P,mb6361@ybl,pay3307@apl,HDFC Bank,Karnataka,36-45,Male,Farmer,Android,Yes,Yes,1-6 hours,No,Not Recovered,1
TXN949981314408,23-07-2024,12:35:36,Tuesday,Phishing,Loan Offer,36300,Google Pay,P2P,user1581@ybl,txn1743@okicici,Other,Telangana,26-35,Female,Self-employed/Business,iOS,No,Yes,< 1 hour,No,Not Recovered,1
TXN579085004766,26-03-2024,18:42:39,Tuesday,QR Code Swap,Customer Care Impersonation,5550,Google Pay,P2M,user8033@paytm,pay9977@oksbi,Axis Bank,Rajasthan,26-35,Female,Salaried Employee,iOS,Yes,No,1-3 days,No,Not Recovered,1
TXN529711997456,14-12-2023,21:59:34,Thursday,QR Code Swap,Investment Scheme,6450,Google Pay,P2M,txn8356@ibl,txn2311@ibl,ICICI Bank,Maharashtra,26-35,Female,Salaried Employee,Android,Yes,No,1-6 hours,Yes,Not Recovered,1
TXN529245060784,11-05-2024,09:36:11,Saturday,OTP Sharing,Loan Offer,550,PhonePe,P2M,user1312@okicici,txn5832@paytm,Kotak Mahindra Bank,Delhi,26-35,Female,Student,Android,Yes,No,1-3 days,Yes,Not Recovered,1
TXN493272504302,27-02-2025,12:43:44,Thursday,Phishing,Loan Offer,8350,Google Pay,Collect Request,user1173@okicici,acct1831@okhdfcbank,SBI,Gujarat,26-35,Male,Salaried Employee,Android,Yes,No,< 1 hour,Yes,Not Recovered,1
TXN153905037324,22-02-2024,08:13:55,Thursday,OTP Sharing,Electricity Bill Disconnection,1200,PhonePe,P2M,txn6999@okaxis,pay2077@okaxis,SBI,Kerala,36-45,Female,Farmer,Android,No,Yes,6-24 hours,No,Partially Recovered,1
TXN777002212954,10-04-2023,23:18:43,Monday,Fake Collect Request,Impersonation of Known Person,97300,PhonePe,P2P,user4627@ibl,mb3855@apl,Yes Bank,Karnataka,46-55,Female,Self-employed/Business,Android,Yes,No,6-24 hours,Yes,Partially Recovered,1
TXN584116381991,02-04-2024,11:48:15,Tuesday,Social Engineering,Job Offer/Part-time Work,7800,PhonePe,Collect Request,acct5305@okaxis,pay8847@apl,Axis Bank,Telangana,26-35,Male,Self-employed/Business,Android,Yes,Yes,1-6 hours,No,Fully Recovered,1
TXN112148067070,30-12-2023,17:08:45,Saturday,Social Engineering,Prize/Lottery Win,900,BHIM,P2P,user9081@oksbi,acct6129@ybl,SBI,Tamil Nadu,26-35,Female,Self-employed/Business,Android,Yes,Yes,1-3 days,Yes,Not Recovered,1
TXN846632520238,12-08-2023,21:11:18,Saturday,Phishing,Prize/Lottery Win,6500,Google Pay,P2M,user6835@oksbi,user9863@apl,HDFC Bank,Tamil Nadu,36-45,Female,Salaried Employee,Android,No,No,< 1 hour,No,Partially Recovered,1
TXN195288436675,28-05-2024,14:15:00,Tuesday,Phishing,Investment Scheme,27900,Google Pay,P2P,pay7938@ybl,pay7475@okaxis,HDFC Bank,Uttar Pradesh,26-35,Female,Daily Wage Worker,Feature Phone,No,Yes,1-6 hours,No,Fully Recovered,1
TXN927699014309,23-11-2023,22:15:26,Thursday,OTP Sharing,Customer Care Impersonation,25300,Google Pay,P2P,mb1100@okicici,pay8068@okicici,ICICI Bank,Haryana,18-25,Male,Student,Android,Yes,Yes,< 1 hour,Yes,Not Recovered,1
TXN724114356550,11-07-2023,16:38:46,Tuesday,OTP Sharing,Job Offer/Part-time Work,1550,Google Pay,P2M,acct8707@okicici,user7254@apl,ICICI Bank,Madhya Pradesh,36-45,Female,Self-employed/Business,iOS,Yes,Yes,1-6 hours,No,Not Recovered,1
TXN443090869156,11-09-2024,06:03:48,Wednesday,Money Mule,Digital Arrest Threat,2950,Paytm,P2P,user2572@apl,pay3754@paytm,Punjab National Bank,Rajasthan,46-55,Female,Daily Wage Worker,Android,Yes,No,6-24 hours,No,Not Recovered,1
TXN732905957886,14-09-2023,00:11:35,Thursday,Phishing,Prize/Lottery Win,2500,Google Pay,P2P,mb4215@okaxis,pay1213@okicici,HDFC Bank,Tamil Nadu,46-55,Male,Salaried Employee,Android,Yes,Yes,1-6 hours,No,Not Recovered,1
TXN376626637244,07-05-2023,16:03:17,Sunday,Social Engineering,Loan Offer,13600,PhonePe,Collect Request,acct4228@okaxis,user6643@oksbi,SBI,Punjab,18-25,Male,Salaried Employee,Android,Yes,No,1-3 days,No,Partially Recovered,1
TXN922838597582,24-06-2024,13:22:25,Monday,Social Engineering,KYC Update Required,1600,Google Pay,Collect Request,mb4574@okhdfcbank,user5319@oksbi,Bank of Baroda,Maharashtra,46-55,Female,Farmer,iOS,Yes,No,< 1 hour,No,Not Recovered,1
TXN521081082098,06-10-2024,19:04:39,Sunday,Vishing,KYC Update Required,1650,PhonePe,P2P,pay7455@okicici,user9390@axl,ICICI Bank,Karnataka,56-65,Female,Farmer,iOS,No,No,1-6 hours,Yes,Under Investigation,1
TXN288319323762,05-04-2024,12:19:37,Friday,Vishing,Refund Processing,14150,PhonePe,P2P,acct3206@axl,user2449@ybl,Kotak Mahindra Bank,Maharashtra,18-25,Female,Student,Android,Yes,Yes,1-6 hours,No,Not Recovered,1
TXN786077669096,29-08-2023,10:50:26,Tuesday,OTP Sharing,Electricity Bill Disconnection,49200,PhonePe,P2P,acct3416@oksbi,txn2386@axl,Yes Bank,Uttar Pradesh,36-45,Female,Farmer,Android,No,Yes,6-24 hours,No,Not Recovered,1
TXN182638974551,26-12-2023,10:35:21,Tuesday,SIM Swap,Refund Processing,48600,BHIM,P2P,user6993@apl,acct7646@okaxis,SBI,Kerala,66+,Female,Salaried Employee,Android,No,No,1-6 hours,No,Not Recovered,1
TXN577771857782,17-04-2024,23:17:23,Wednesday,Fake UPI App,Job Offer/Part-time Work,16400,PhonePe,P2M,txn8736@ybl,acct7335@apl,IndusInd Bank,Haryana,36-45,Male,Salaried Employee,iOS,No,No,1-3 days,No,Fully Recovered,1
TXN732954551815,26-04-2024,22:04:27,Friday,Phishing,Refund Processing,2300,Google Pay,P2P,acct7505@ybl,acct3977@okhdfcbank,Canara Bank,Telangana,26-35,Male,Daily Wage Worker,Android,Yes,Yes,6-24 hours,Yes,Partially Recovered,1
TXN451228473495,02-12-2023,01:55:17,Saturday,Phishing,KYC Update Required,4950,PhonePe,Collect Request,txn4497@okaxis,acct7760@oksbi,Punjab National Bank,Tamil Nadu,18-25,Male,Student,Android,Yes,Yes,1-6 hours,Yes,Partially Recovered,1
TXN273165933024,02-02-2025,18:14:06,Sunday,Remote Access Scam,Refund Processing,5150,PhonePe,P2M,pay6943@ybl,pay8093@apl,SBI,Karnataka,36-45,Female,Salaried Employee,Feature Phone,Yes,No,6-24 hours,No,Not Recovered,1
TXN539933391445,15-07-2024,10:54:43,Monday,OTP Sharing,Electricity Bill Disconnection,5400,Paytm,Collect Request,txn7663@oksbi,pay8668@okaxis,Bank of Baroda,Karnataka,26-35,Female,Self-employed/Business,Android,Yes,Yes,1-3 days,No,Not Recovered,1
TXN899629200344,24-07-2023,10:03:41,Monday,Fake UPI App,Impersonation of Known Person,45600,Paytm,P2P,pay2076@ybl,pay6239@paytm,HDFC Bank,Gujarat,46-55,Female,Student,Android,No,No,< 1 hour,Yes,Not Recovered,1
TXN878896890802,07-02-2025,20:12:07,Friday,QR Code Swap,Job Offer/Part-time Work,6850,Paytm,P2M,pay9488@axl,pay1438@okicici,Punjab National Bank,Kerala,46-55,Male,Farmer,Android,No,No,1-3 days,Yes,Not Recovered,1
TXN768311470111,10-11-2024,18:54:31,Sunday,SIM Swap,Investment Scheme,4950,Paytm,P2M,pay1023@ybl,txn8760@oksbi,SBI,Uttar Pradesh,36-45,Female,Homemaker,Android,No,No,1-3 days,No,Not Recovered,1
TXN113308687567,28-03-2024,10:14:27,Thursday,QR Code Swap,Prize/Lottery Win,5300,BHIM,P2P,acct3042@okicici,acct2634@ibl,Punjab National Bank,Rajasthan,18-25,Male,Salaried Employee,iOS,Yes,No,6-24 hours,No,Not Recovered,1
TXN242862017986,20-01-2025,20:52:35,Monday,Vishing,Delivery Agent Scam,94400,BHIM,P2M,pay4437@oksbi,pay3320@okicici,Punjab National Bank,Tamil Nadu,66+,Female,Homemaker,Feature Phone,Yes,Yes,6-24 hours,Yes,Not Recovered,1
TXN473632339445,30-03-2025,14:40:06,Sunday,SIM Swap,Electricity Bill Disconnection,2650,Google Pay,P2M,pay7088@okaxis,acct4968@paytm,Bank of Baroda,Uttar Pradesh,66+,Female,Salaried Employee,iOS,No,No,3-7 days,Yes,Not Recovered,1
TXN524234399750,07-12-2023,07:41:07,Thursday,Fake Collect Request,Prize/Lottery Win,4800,PhonePe,P2M,pay7574@okaxis,mb5699@axl,Axis Bank,Madhya Pradesh,26-35,Female,Salaried Employee,Android,Yes,No,6-24 hours,No,Not Recovered,1
TXN462247080508,21-11-2023,15:46:30,Tuesday,OTP Sharing,Delivery Agent Scam,3300,PhonePe,P2M,acct5450@okaxis,mb2496@axl,Other,Gujarat,46-55,Male,Self-employed/Business,Android,Yes,No,1-6 hours,Yes,Partially Recovered,1
TXN727931886673,27-11-2024,23:37:20,Wednesday,QR Code Swap,Digital Arrest Threat,6500,PhonePe,P2P,pay8045@axl,acct9715@paytm,Punjab National Bank,Karnataka,46-55,Female,Retired,Android,Yes,No,6-24 hours,No,Not Recovered,1
TXN488352474492,20-05-2024,05:33:30,Monday,Phishing,Customer Care Impersonation,1500,Amazon Pay,P2P,pay4407@ybl,pay2888@okhdfcbank,ICICI Bank,Haryana,26-35,Female,Self-employed/Business,iOS,No,Yes,1-6 hours,No,Not Recovered,1
TXN625206177705,05-01-2025,18:21:19,Sunday,Phishing,Prize/Lottery Win,94050,PhonePe,P2P,user1818@okaxis,pay7895@apl,Axis Bank,Gujarat,36-45,Male,Salaried Employee,Android,Yes,Yes,1-6 hours,Yes,Partially Recovered,1
TXN865855954032,19-07-2024,12:19:34,Friday,OTP Sharing,Customer Care Impersonation,3650,PhonePe,Collect Request,pay8704@oksbi,user7326@ybl,SBI,Maharashtra,26-35,Male,Self-employed/Business,iOS,Yes,Yes,> 7 days,Yes,Not Recovered,1
TXN326234916171,30-10-2024,13:11:29,Wednesday,QR Code Swap,KYC Update Required,1800,PhonePe,P2P,acct5910@oksbi,user6144@ybl,HDFC Bank,Tamil Nadu,26-35,Female,Salaried Employee,Android,Yes,No,1-6 hours,No,Not Recovered,1
TXN771326377262,19-09-2024,16:35:53,Thursday,Fake Collect Request,Loan Offer,3600,PhonePe,Collect Request,user7480@oksbi,mb4972@ybl,Yes Bank,Uttar Pradesh,26-35,Female,Salaried Employee,Feature Phone,No,No,1-6 hours,No,Not Recovered,1
TXN806664621213,08-01-2024,15:18:14,Monday,Fake Collect Request,Prize/Lottery Win,3700,Google Pay,P2M,mb5417@okhdfcbank,pay3583@okhdfcbank,SBI,Maharashtra,36-45,Female,Self-employed/Business,Android,No,No,6-24 hours,No,Not Recovered,1
TXN139194415313,09-04-2023,23:48:36,Sunday,QR Code Swap,Job Offer/Part-time Work,850,PhonePe,Collect Request,pay1166@okaxis,txn5557@axl,SBI,Karnataka,36-45,Male,Homemaker,Android,No,No,1-6 hours,No,Not Recovered,1
TXN845726600759,06-02-2024,12:04:09,Tuesday,OTP Sharing,KYC Update Required,2200,PhonePe,P2P,acct1037@apl,acct2292@oksbi,Kotak Mahindra Bank,West Bengal,18-25,Female,Retired,Android,Yes,Yes,1-3 days,No,Not Recovered,1
TXN603842731043,10-06-2023,10:23:35,Saturday,Vishing,KYC Update Required,3350,Paytm,P2M,txn4000@ybl,acct4406@okhdfcbank,SBI,Uttar Pradesh,26-35,Male,Salaried Employee,iOS,Yes,Yes,1-6 hours,No,Fully Recovered,1
TXN267719001365,20-04-2023,11:42:28,Thursday,OTP Sharing,Job Offer/Part-time Work,4850,Google Pay,P2P,user8983@paytm,txn2055@paytm,IndusInd Bank,Andhra Pradesh,36-45,Female,Self-employed/Business,Feature Phone,Yes,Yes,6-24 hours,No,Not Recovered,1
TXN319897903165,26-12-2023,09:02:19,Tuesday,Phishing,Delivery Agent Scam,2650,Paytm,P2P,pay9524@okicici,mb4830@okaxis,Punjab National Bank,Maharashtra,46-55,Female,Self-employed/Business,Android,No,No,1-6 hours,No,Partially Recovered,1
TXN951013386134,18-08-2023,01:21:25,Friday,Fake Collect Request,KYC Update Required,900,PhonePe,P2M,acct6691@ibl,pay1928@okicici,Bank of Baroda,Punjab,26-35,Male,Self-employed/Business,Android,No,No,6-24 hours,Yes,Fully Recovered,1
TXN979357612387,10-01-2024,16:13:03,Wednesday,Phishing,Prize/Lottery Win,32550,PhonePe,P2P,user2488@paytm,pay3677@okicici,Bank of Baroda,Gujarat,36-45,Male,Salaried Employee,Feature Phone,No,Yes,< 1 hour,Yes,Not Recovered,1
TXN301271897845,25-01-2024,06:23:03,Thursday,QR Code Swap,KYC Update Required,38550,PhonePe,P2M,txn1819@axl,txn9873@oksbi,IndusInd Bank,Haryana,26-35,Female,Homemaker,Android,No,No,1-6 hours,Yes,Not Recovered,1
TXN262089907964,01-10-2024,20:28:09,Tuesday,SIM Swap,Delivery Agent Scam,2600,PhonePe,P2M,pay8953@oksbi,pay8395@okhdfcbank,Axis Bank,Uttar Pradesh,56-65,Male,Self-employed/Business,Android,Yes,No,1-3 days,Yes,Not Recovered,1
TXN419909484823,08-10-2023,08:05:05,Sunday,Remote Access Scam,Delivery Agent Scam,1450,Amazon Pay,P2M,user4695@okicici,txn2696@ybl,Kotak Mahindra Bank,Kerala,18-25,Female,Daily Wage Worker,Android,No,No,3-7 days,No,Not Recovered,1
TXN844648047394,12-03-2025,11:38:20,Wednesday,SIM Swap,Prize/Lottery Win,28600,PhonePe,P2P,txn5270@axl,pay4199@okaxis,HDFC Bank,Delhi,18-25,Male,Salaried Employee,Android,Yes,No,1-6 hours,Yes,Not Recovered,1
TXN657340533863,09-03-2025,14:12:12,Sunday,Remote Access Scam,Electricity Bill Disconnection,3800,Google Pay,P2M,txn2169@ibl,pay8343@paytm,Other,Punjab,46-55,Male,Self-employed/Business,Android,No,No,1-3 days,Yes,Not Recovered,1
TXN192525350668,20-12-2023,16:57:11,Wednesday,Vishing,Customer Care Impersonation,6700,PhonePe,P2P,pay3192@okaxis,txn3583@okicici,ICICI Bank,Telangana,56-65,Female,Salaried Employee,Android,Yes,Yes,3-7 days,Yes,Not Recovered,1
TXN301665702674,27-11-2024,11:04:20,Wednesday,Social Engineering,Customer Care Impersonation,76900,Google Pay,P2M,user8069@axl,user6492@ybl,ICICI Bank,Telangana,18-25,Male,Homemaker,Android,No,Yes,1-6 hours,No,Not Recovered,1
TXN959736040843,29-12-2024,14:41:42,Sunday,Fake Collect Request,Job Offer/Part-time Work,900,Paytm,P2P,user7096@ybl,mb2845@ibl,Yes Bank,Gujarat,26-35,Male,Retired,Android,Yes,No,< 1 hour,Yes,Not Recovered,1
TXN723533307650,03-10-2024,09:27:34,Thursday,QR Code Swap,Job Offer/Part-time Work,8300,PhonePe,P2P,mb9156@paytm,mb8871@oksbi,SBI,Maharashtra,18-25,Female,Self-employed/Business,Android,No,No,< 1 hour,Yes,Partially Recovered,1
TXN298398746882,16-02-2024,14:49:47,Friday,Remote Access Scam,Loan Offer,7300,Google Pay,P2M,user6007@okhdfcbank,user5658@okicici,SBI,Bihar,26-35,Male,Salaried Employee,Android,Yes,No,< 1 hour,No,Fully Recovered,1
TXN678491956991,17-12-2024,10:13:50,Tuesday,Remote Access Scam,KYC Update Required,4000,Paytm,Collect Request,user3635@apl,pay2816@apl,Yes Bank,Bihar,56-65,Female,Retired,Android,Yes,No,1-6 hours,No,Not Recovered,1
TXN367448269777,21-04-2023,06:56:27,Friday,QR Code Swap,Prize/Lottery Win,1900,PhonePe,P2P,mb4849@apl,user6820@apl,HDFC Bank,Gujarat,46-55,Male,Salaried Employee,Android,No,No,< 1 hour,Yes,Not Recovered,1
TXN772169260902,06-03-2025,09:26:53,Thursday,Fake UPI App,Delivery Agent Scam,1650,Google Pay,P2P,acct4339@oksbi,acct7676@okhdfcbank,Kotak Mahindra Bank,Madhya Pradesh,18-25,Male,Retired,Feature Phone,No,No,1-6 hours,No,Not Recovered,1
TXN905341165023,30-08-2024,11:07:56,Friday,OTP Sharing,KYC Update Required,8300,Google Pay,Collect Request,pay6723@okicici,acct2037@apl,Other,Telangana,26-35,Male,Student,Android,No,Yes,1-3 days,Yes,Not Recovered,1
TXN783222181824,01-08-2024,11:48:47,Thursday,Remote Access Scam,Delivery Agent Scam,1500,Google Pay,P2M,pay8652@paytm,acct2913@paytm,SBI,Delhi,18-25,Male,Daily Wage Worker,Android,Yes,No,6-24 hours,No,Partially Recovered,1
TXN287963743450,28-08-2024,17:22:37,Wednesday,QR Code Swap,KYC Update Required,46100,PhonePe,P2M,mb6798@okhdfcbank,pay6303@paytm,Bank of Baroda,Maharashtra,46-55,Male,Homemaker,iOS,Yes,No,1-6 hours,No,Not Recovered,1
TXN565626019122,27-10-2023,11:32:37,Friday,Fake Collect Request,Customer Care Impersonation,72500,Google Pay,P2P,mb5989@okhdfcbank,acct7493@paytm,HDFC Bank,Uttar Pradesh,36-45,Female,Retired,Android,No,No,< 1 hour,Yes,Not Recovered,1
TXN606114203223,23-04-2023,15:35:50,Sunday,Fake Collect Request,Refund Processing,4800,Paytm,P2P,mb6625@oksbi,acct9788@apl,Other,Delhi,36-45,Female,Student,Android,Yes,No,6-24 hours,Yes,Not Recovered,1
TXN539790510458,19-07-2023,23:18:49,Wednesday,Fake Collect Request,Investment Scheme,1100,Google Pay,Collect Request,txn2002@okaxis,mb3935@ybl,HDFC Bank,Maharashtra,46-55,Male,Retired,Android,Yes,No,> 7 days,Yes,Not Recovered,1
TXN556759605665,29-09-2024,20:22:33,Sunday,Phishing,Customer Care Impersonation,4300,Google Pay,P2P,pay1238@okicici,acct7071@okaxis,Punjab National Bank,Punjab,36-45,Male,Salaried Employee,Android,No,Yes,6-24 hours,No,Not Recovered,1
TXN426376830113,19-05-2023,00:02:43,Friday,Vishing,KYC Update Required,4800,Google Pay,P2M,acct8353@okaxis,mb8861@okaxis,Other,Uttar Pradesh,36-45,Female,Salaried Employee,Android,Yes,Yes,6-24 hours,Yes,Partially Recovered,1
TXN831322372650,29-01-2025,08:30:10,Wednesday,QR Code Swap,KYC Update Required,5300,PhonePe,P2M,txn7913@apl,acct7131@okicici,HDFC Bank,Karnataka,36-45,Male,Daily Wage Worker,Android,Yes,No,1-6 hours,No,Not Recovered,1
TXN424956824097,03-02-2024,22:24:09,Saturday,SIM Swap,Customer Care Impersonation,1150,PhonePe,P2P,acct1481@ybl,acct6034@paytm,SBI,Haryana,36-45,Male,Salaried Employee,Feature Phone,No,No,6-24 hours,Yes,Not Recovered,1
TXN756698226750,03-05-2024,11:18:43,Friday,SIM Swap,Prize/Lottery Win,2900,Google Pay,P2P,user1054@oksbi,acct3092@okicici,SBI,Tamil Nadu,26-35,Male,Farmer,iOS,Yes,No,1-6 hours,Yes,Partially Recovered,1
TXN251811096622,03-07-2023,21:04:59,Monday,OTP Sharing,Job Offer/Part-time Work,6150,Google Pay,P2M,txn2661@axl,user9230@ibl,HDFC Bank,Andhra Pradesh,36-45,Male,Self-employed/Business,Android,Yes,Yes,6-24 hours,Yes,Not Recovered,1
TXN906823242358,13-08-2024,12:05:28,Tuesday,Phishing,Customer Care Impersonation,2200,Google Pay,P2P,txn2837@paytm,user6839@ybl,HDFC Bank,Delhi,36-45,Male,Self-employed/Business,Android,No,Yes,1-6 hours,Yes,Partially Recovered,1
TXN662801496003,20-03-2025,19:36:29,Thursday,Phishing,KYC Update Required,4450,Google Pay,P2P,acct9290@apl,pay2119@ibl,SBI,Telangana,26-35,Male,Homemaker,Android,No,No,6-24 hours,No,Not Recovered,1
TXN219672722437,26-09-2023,13:30:12,Tuesday,Phishing,Customer Care Impersonation,17100,PhonePe,P2M,txn7960@paytm,pay5792@ybl,Canara Bank,Telangana,46-55,Male,Self-employed/Business,Android,Yes,Yes,1-6 hours,No,Partially Recovered,1
TXN770241063785,25-04-2024,14:47:30,Thursday,QR Code Swap,Delivery Agent Scam,2650,Amazon Pay,P2P,mb1475@okaxis,user1790@apl,SBI,Tamil Nadu,26-35,Female,Salaried Employee,Android,No,No,1-6 hours,Yes,Partially Recovered,1
TXN428636736154,30-11-2024,15:30:14,Saturday,Fake Collect Request,Electricity Bill Disconnection,6900,PhonePe,P2P,mb8500@ibl,acct3796@apl,Punjab National Bank,West Bengal,46-55,Male,Salaried Employee,Android,Yes,No,6-24 hours,No,Not Recovered,1
TXN427008755379,14-04-2024,19:56:31,Sunday,Vishing,Prize/Lottery Win,15700,PhonePe,P2M,mb9854@oksbi,mb8403@okhdfcbank,SBI,Madhya Pradesh,18-25,Male,Self-employed/Business,iOS,No,Yes,6-24 hours,No,Not Recovered,1
TXN680722184682,17-07-2024,01:21:48,Wednesday,Fake Collect Request,Job Offer/Part-time Work,3100,Google Pay,P2P,mb6598@axl,mb2869@okhdfcbank,Yes Bank,Bihar,46-55,Female,Self-employed/Business,Android,No,No,6-24 hours,No,Not Recovered,1
TXN714815149376,12-11-2024,10:31:53,Tuesday,Fake Collect Request,Investment Scheme,3400,Google Pay,P2M,acct7929@oksbi,pay7122@okhdfcbank,Yes Bank,Tamil Nadu,56-65,Male,Retired,Android,Yes,No,1-3 days,No,Not Recovered,1
TXN687799126680,03-01-2025,19:20:47,Friday,QR Code Swap,KYC Update Required,22350,Google Pay,P2P,pay8771@ybl,pay6163@ibl,ICICI Bank,Gujarat,66+,Male,Salaried Employee,iOS,Yes,No,6-24 hours,Yes,Partially Recovered,1
TXN683200800655,03-08-2023,10:27:02,Thursday,Fake Collect Request,Refund Processing,15400,Google Pay,P2P,acct4369@axl,acct3291@paytm,Yes Bank,West Bengal,46-55,Female,Homemaker,Android,No,No,1-6 hours,Yes,Not Recovered,1
TXN467866790118,20-06-2023,10:22:32,Tuesday,OTP Sharing,Job Offer/Part-time Work,3000,Google Pay,P2M,acct7153@oksbi,mb8984@okicici,Other,Telangana,26-35,Female,Retired,Feature Phone,Yes,Yes,6-24 hours,No,Not Recovered,1
TXN423193600414,31-03-2024,11:56:07,Sunday,Phishing,Customer Care Impersonation,3600,Google Pay,Collect Request,pay9539@okhdfcbank,acct5176@ybl,SBI,Kerala,36-45,Female,Salaried Employee,Android,Yes,Yes,6-24 hours,No,Under Investigation,1
TXN102348758451,10-06-2023,19:43:26,Saturday,Phishing,Job Offer/Part-time Work,45450,Google Pay,P2P,pay9034@oksbi,user5326@okicici,Canara Bank,Odisha,36-45,Female,Self-employed/Business,Feature Phone,Yes,Yes,1-6 hours,No,Under Investigation,1
TXN789801005776,11-08-2024,12:27:08,Sunday,Social Engineering,Prize/Lottery Win,5850,PhonePe,P2M,user3845@okicici,mb9791@ybl,HDFC Bank,Maharashtra,26-35,Male,Salaried Employee,Android,Yes,Yes,1-6 hours,Yes,Partially Recovered,1
TXN718302871473,19-12-2024,14:48:17,Thursday,Fake UPI App,Investment Scheme,15750,Google Pay,P2M,user2731@axl,txn1575@oksbi,SBI,Karnataka,46-55,Female,Self-employed/Business,Android,No,No,1-3 days,No,Not Recovered,1
TXN115483541178,07-02-2024,22:37:32,Wednesday,SIM Swap,Prize/Lottery Win,41600,Google Pay,Collect Request,mb2846@ibl,pay9399@axl,HDFC Bank,Delhi,36-45,Male,Homemaker,Android,No,No,6-24 hours,Yes,Partially Recovered,1
TXN858951971786,24-04-2023,09:08:25,Monday,Phishing,Prize/Lottery Win,2700,Google Pay,Collect Request,acct5458@okhdfcbank,mb4524@okicici,SBI,Kerala,56-65,Male,Student,Android,Yes,Yes,6-24 hours,Yes,Not Recovered,1
TXN735368693334,03-01-2024,12:49:15,Wednesday,Fake UPI App,Prize/Lottery Win,5500,BHIM,Collect Request,acct4353@okicici,pay7114@okhdfcbank,HDFC Bank,Tamil Nadu,46-55,Male,Salaried Employee,Feature Phone,Yes,No,1-3 days,Yes,Not Recovered,1
TXN820242215273,20-08-2024,20:50:09,Tuesday,Phishing,KYC Update Required,1900,PhonePe,Collect Request,pay1918@okicici,user1520@ibl,SBI,Andhra Pradesh,26-35,Male,Self-employed/Business,Android,Yes,Yes,6-24 hours,Yes,Not Recovered,1
TXN609448988671,29-11-2023,12:51:26,Wednesday,OTP Sharing,Electricity Bill Disconnection,1250,PhonePe,P2M,user4104@okaxis,acct3812@okicici,SBI,Telangana,66+,Female,Salaried Employee,Android,Yes,Yes,1-6 hours,No,Partially Recovered,1
TXN987113287172,05-07-2023,08:34:52,Wednesday,Vishing,Delivery Agent Scam,1550,PhonePe,P2P,user8765@okaxis,acct5207@ybl,HDFC Bank,Rajasthan,18-25,Male,Homemaker,iOS,Yes,Yes,1-6 hours,Yes,Not Recovered,1
TXN593162287554,07-12-2023,12:09:52,Thursday,Vishing,Prize/Lottery Win,2550,PhonePe,P2P,acct3953@axl,mb1370@oksbi,Axis Bank,Telangana,18-25,Female,Salaried Employee,iOS,Yes,Yes,1-3 days,No,Fully Recovered,1
TXN216418390111,19-02-2025,09:41:40,Wednesday,Vishing,KYC Update Required,750,Google Pay,P2M,mb2809@ibl,mb2489@okicici,Other,Rajasthan,18-25,Male,Daily Wage Worker,Android,Yes,Yes,1-3 days,No,Not Recovered,1
TXN658447262629,14-06-2024,14:25:48,Friday,OTP Sharing,Digital Arrest Threat,23150,PhonePe,Collect Request,pay8181@apl,user2794@okaxis,Bank of Baroda,Delhi,26-35,Male,Self-employed/Business,Android,Yes,Yes,> 7 days,No,Fully Recovered,1
TXN659501161334,15-08-2024,11:54:36,Thursday,Phishing,Investment Scheme,2200,Google Pay,Collect Request,acct5430@paytm,user9260@okicici,Other,Karnataka,36-45,Female,Farmer,Android,No,Yes,6-24 hours,No,Partially Recovered,1
TXN701373476925,30-07-2023,10:33:26,Sunday,Vishing,Job Offer/Part-time Work,2600,PhonePe,P2M,mb7175@oksbi,txn7607@paytm,Other,Gujarat,18-25,Male,Salaried Employee,Android,Yes,Yes,1-3 days,Yes,Not Recovered,1
TXN841233926773,02-12-2023,15:39:00,Saturday,Phishing,Impersonation of Known Person,9650,Google Pay,P2P,mb8533@okaxis,acct1145@apl,Yes Bank,Odisha,18-25,Male,Homemaker,Android,Yes,No,6-24 hours,Yes,Partially Recovered,1
TXN192108447877,10-03-2024,11:53:05,Sunday,Remote Access Scam,Electricity Bill Disconnection,42950,PhonePe,P2P,user9575@okhdfcbank,txn2514@apl,Yes Bank,Rajasthan,66+,Male,Salaried Employee,Android,No,No,1-6 hours,No,Not Recovered,1
TXN755442974200,21-01-2025,12:16:21,Tuesday,QR Code Swap,KYC Update Required,23200,PhonePe,Collect Request,txn5642@ybl,acct8076@paytm,HDFC Bank,Maharashtra,66+,Male,Salaried Employee,Android,No,No,1-6 hours,Yes,Not Recovered,1
TXN533322183611,30-08-2023,17:06:03,Wednesday,Fake Collect Request,Job Offer/Part-time Work,4650,Google Pay,P2P,pay1551@apl,txn9205@okhdfcbank,Other,Gujarat,46-55,Female,Self-employed/Business,Android,Yes,No,6-24 hours,No,Partially Recovered,1
TXN226911782710,21-08-2024,10:20:57,Wednesday,Phishing,Digital Arrest Threat,3450,BHIM,P2P,acct2137@okicici,txn6668@okaxis,SBI,Andhra Pradesh,26-35,Male,Salaried Employee,Android,Yes,Yes,< 1 hour,No,Partially Recovered,1
TXN909892526794,19-01-2024,17:57:25,Friday,Phishing,KYC Update Required,1450,PhonePe,P2P,acct2124@ibl,user3049@okaxis,HDFC Bank,Tamil Nadu,26-35,Male,Salaried Employee,Android,Yes,No,< 1 hour,No,Fully Recovered,1
TXN429140579969,30-01-2025,21:34:45,Thursday,Vishing,Digital Arrest Threat,8500,Google Pay,P2M,acct1412@okhdfcbank,mb2443@ibl,HDFC Bank,Rajasthan,26-35,Female,Salaried Employee,Android,No,Yes,1-3 days,No,Not Recovered,1
TXN606059032046,29-11-2023,00:31:46,Wednesday,SIM Swap,Digital Arrest Threat,6700,PhonePe,P2P,pay7459@paytm,user9345@axl,SBI,Kerala,26-35,Female,Student,Feature Phone,No,No,1-6 hours,Yes,Not Recovered,1
TXN826195302077,02-06-2024,17:24:59,Sunday,Vishing,Investment Scheme,16550,PhonePe,Collect Request,pay1984@oksbi,txn1246@okaxis,IndusInd Bank,Kerala,56-65,Male,Student,Android,Yes,Yes,6-24 hours,No,Partially Recovered,1
TXN969027698600,27-05-2024,22:06:51,Monday,QR Code Swap,Prize/Lottery Win,8950,PhonePe,P2P,acct5141@ibl,pay6847@ybl,SBI,Odisha,66+,Male,Retired,iOS,Yes,No,1-3 days,No,Not Recovered,1
TXN965808538727,09-11-2024,19:01:25,Saturday,OTP Sharing,Delivery Agent Scam,3150,Google Pay,P2M,txn9199@apl,pay2061@apl,Axis Bank,Andhra Pradesh,18-25,Male,Salaried Employee,Android,Yes,Yes,1-6 hours,Yes,Partially Recovered,1
TXN228974894062,11-09-2024,10:51:26,Wednesday,Fake Collect Request,KYC Update Required,312400,PhonePe,P2P,acct1834@ybl,mb9648@axl,SBI,Maharashtra,46-55,Male,Self-employed/Business,iOS,No,No,1-6 hours,Yes,Partially Recovered,1
TXN116915120538,05-04-2023,19:15:31,Wednesday,Phishing,Loan Offer,20500,PhonePe,P2P,pay5879@paytm,user4943@okhdfcbank,SBI,Punjab,26-35,Female,Retired,Android,Yes,Yes,6-24 hours,Yes,Fully Recovered,1
TXN736078309319,07-03-2025,14:06:37,Friday,Fake UPI App,Impersonation of Known Person,19100,Google Pay,P2P,txn8645@apl,txn6974@okaxis,Kotak Mahindra Bank,Rajasthan,46-55,Male,Homemaker,Feature Phone,Yes,No,6-24 hours,Yes,Partially Recovered,1
TXN568605772458,03-01-2025,08:13:28,Friday,Vishing,Delivery Agent Scam,2700,Google Pay,P2M,user9388@okhdfcbank,mb8700@okicici,Axis Bank,Gujarat,18-25,Female,Salaried Employee,Android,Yes,No,6-24 hours,No,Partially Recovered,1
TXN897462625621,11-08-2023,21:43:38,Friday,Fake UPI App,Prize/Lottery Win,8150,PhonePe,P2P,mb7002@ibl,acct9200@okaxis,ICICI Bank,Maharashtra,36-45,Male,Retired,Android,Yes,No,1-3 days,No,Not Recovered,1
TXN123502747412,16-04-2023,09:16:42,Sunday,Fake UPI App,Job Offer/Part-time Work,800,BHIM,P2P,acct8249@ibl,user8158@okhdfcbank,Kotak Mahindra Bank,Telangana,26-35,Male,Student,Android,Yes,No,1-6 hours,Yes,Not Recovered,1
TXN944058491000,08-12-2023,15:58:59,Friday,Vishing,Refund Processing,24400,PhonePe,P2P,txn3564@ybl,pay2843@apl,SBI,Bihar,18-25,Male,Self-employed/Business,Android,No,No,< 1 hour,Yes,Not Recovered,1
TXN988043117605,14-11-2023,15:18:34,Tuesday,Fake UPI App,KYC Update Required,6800,PhonePe,Collect Request,mb7359@ybl,acct5015@oksbi,SBI,Karnataka,26-35,Male,Salaried Employee,iOS,No,No,< 1 hour,Yes,Fully Recovered,1
TXN706650308949,12-02-2025,20:39:55,Wednesday,Vishing,Job Offer/Part-time Work,2350,Paytm,P2P,txn6258@okhdfcbank,pay9945@okhdfcbank,HDFC Bank,Karnataka,26-35,Female,Self-employed/Business,Feature Phone,No,Yes,1-3 days,Yes,Not Recovered,1
TXN935092531755,03-07-2024,21:21:51,Wednesday,Phishing,Investment Scheme,3500,PhonePe,P2P,txn5590@axl,acct8676@okicici,Punjab National Bank,Madhya Pradesh,36-45,Male,Retired,iOS,Yes,No,6-24 hours,Yes,Not Recovered,1
TXN424022213367,08-05-2023,12:28:06,Monday,Phishing,Digital Arrest Threat,1500,Google Pay,P2M,user5943@apl,txn8520@okicici,Kotak Mahindra Bank,Rajasthan,26-35,Female,Homemaker,Android,Yes,Yes,1-6 hours,Yes,Not Recovered,1
TXN177075745352,27-04-2024,06:36:11,Saturday,Vishing,Delivery Agent Scam,16450,PhonePe,P2M,pay6542@oksbi,mb7568@paytm,Other,Andhra Pradesh,26-35,Male,Self-employed/Business,Android,No,Yes,< 1 hour,No,Not Recovered,1
TXN361037034587,01-06-2024,17:22:38,Saturday,Phishing,KYC Update Required,39150,PhonePe,P2M,txn1098@ibl,user9598@okicici,HDFC Bank,Gujarat,46-55,Female,Student,Feature Phone,No,No,1-6 hours,Yes,Not Recovered,1
TXN744575697115,29-07-2024,09:26:47,Monday,Phishing,Electricity Bill Disconnection,44550,PhonePe,P2P,user4952@apl,txn3411@okicici,HDFC Bank,Punjab,26-35,Male,Homemaker,Android,Yes,Yes,6-24 hours,No,Fully Recovered,1
TXN282205115795,01-08-2024,09:25:47,Thursday,Fake UPI App,KYC Update Required,2850,Google Pay,P2M,user5825@okicici,mb9899@ibl,SBI,Telangana,46-55,Male,Self-employed/Business,Android,Yes,No,1-3 days,Yes,Not Recovered,1
TXN203138976024,26-07-2023,11:53:35,Wednesday,QR Code Swap,Job Offer/Part-time Work,5250,BHIM,P2P,txn4020@axl,txn9117@okhdfcbank,Canara Bank,Uttar Pradesh,56-65,Female,Daily Wage Worker,Android,No,No,1-3 days,No,Under Investigation,1
TXN408880391400,02-06-2023,13:01:55,Friday,Phishing,Delivery Agent Scam,2100,Paytm,P2P,acct4667@okhdfcbank,acct3619@ybl,IndusInd Bank,Bihar,46-55,Male,Daily Wage Worker,Android,No,Yes,1-6 hours,Yes,Not Recovered,1
TXN870783495315,28-06-2024,13:15:58,Friday,Fake Collect Request,Refund Processing,9600,PhonePe,P2P,pay9081@okicici,mb2425@okicici,Bank of Baroda,Karnataka,26-35,Female,Student,iOS,Yes,No,< 1 hour,No,Not Recovered,1
TXN746936328685,07-11-2024,08:24:14,Thursday,Vishing,Electricity Bill Disconnection,1650,Google Pay,P2M,txn1383@paytm,user9284@apl,Canara Bank,West Bengal,18-25,Female,Salaried Employee,Android,Yes,Yes,6-24 hours,Yes,Not Recovered,1
TXN361193488618,19-06-2024,11:00:26,Wednesday,SIM Swap,Impersonation of Known Person,495050,Google Pay,P2M,mb1533@ybl,txn9883@okaxis,Axis Bank,Rajasthan,56-65,Male,Salaried Employee,iOS,Yes,No,< 1 hour,Yes,Not Recovered,1
TXN889398730971,19-11-2024,10:57:10,Tuesday,Vishing,Refund Processing,900,PhonePe,P2P,user4703@axl,mb9262@apl,Punjab National Bank,Telangana,66+,Male,Retired,Android,No,Yes,< 1 hour,No,Not Recovered,1
TXN395445045652,25-10-2024,11:50:13,Friday,Fake Collect Request,Customer Care Impersonation,14000,PhonePe,P2P,txn2482@okicici,mb1942@paytm,SBI,Telangana,18-25,Female,Self-employed/Business,Android,Yes,No,1-3 days,No,Not Recovered,1
TXN325770785088,07-03-2024,18:25:20,Thursday,Social Engineering,Customer Care Impersonation,6100,PhonePe,P2P,acct6601@okhdfcbank,mb3169@okicici,HDFC Bank,Kerala,18-25,Male,Salaried Employee,Android,No,Yes,1-3 days,No,Not Recovered,1
TXN990984818900,10-05-2024,13:44:14,Friday,Phishing,Electricity Bill Disconnection,4950,PhonePe,P2P,pay1433@okaxis,mb3594@apl,Axis Bank,Uttar Pradesh,56-65,Female,Salaried Employee,Feature Phone,No,Yes,< 1 hour,No,Fully Recovered,1
TXN752479944282,01-01-2024,11:08:17,Monday,Phishing,Refund Processing,700,PhonePe,P2P,acct3288@ybl,acct3078@ibl,Bank of Baroda,Karnataka,46-55,Female,Student,Android,Yes,Yes,< 1 hour,No,Not Recovered,1
TXN317216171899,10-03-2025,18:55:08,Monday,Phishing,Job Offer/Part-time Work,1600,Google Pay,P2M,pay4841@okicici,mb8045@ibl,SBI,Maharashtra,46-55,Female,Daily Wage Worker,Android,Yes,Yes,< 1 hour,Yes,Partially Recovered,1
TXN627395074731,07-07-2023,12:39:03,Friday,Phishing,Job Offer/Part-time Work,4200,Paytm,P2P,pay7627@okicici,user9321@ybl,Kotak Mahindra Bank,Andhra Pradesh,66+,Male,Student,iOS,Yes,Yes,1-3 days,No,Not Recovered,1
TXN545111639584,12-05-2024,14:42:37,Sunday,SIM Swap,Customer Care Impersonation,2900,PhonePe,P2M,pay5913@paytm,pay7736@oksbi,Axis Bank,Punjab,36-45,Male,Retired,Android,No,No,< 1 hour,Yes,Not Recovered,1
TXN159438668592,24-11-2024,18:56:11,Sunday,OTP Sharing,Electricity Bill Disconnection,850,PhonePe,P2M,mb6919@axl,pay4032@okhdfcbank,Kotak Mahindra Bank,Madhya Pradesh,26-35,Male,Student,Android,Yes,Yes,1-6 hours,Yes,Partially Recovered,1
TXN256890330373,01-08-2024,20:41:02,Thursday,Phishing,Job Offer/Part-time Work,2300,PhonePe,P2M,acct8960@okaxis,txn7553@ybl,SBI,Karnataka,46-55,Female,Retired,Android,No,Yes,< 1 hour,Yes,Fully Recovered,1
TXN261744322811,14-05-2024,08:43:47,Tuesday,QR Code Swap,Impersonation of Known Person,17750,PhonePe,P2M,pay2823@oksbi,pay7723@okhdfcbank,SBI,Kerala,56-65,Male,Salaried Employee,Android,No,No,1-6 hours,Yes,Not Recovered,1
TXN137589776542,13-04-2023,16:50:39,Thursday,Vishing,Delivery Agent Scam,17150,PhonePe,P2P,acct4414@ybl,mb5789@okicici,SBI,Maharashtra,56-65,Female,Self-employed/Business,iOS,Yes,No,6-24 hours,Yes,Not Recovered,1
TXN586272729829,29-12-2024,22:52:17,Sunday,Fake UPI App,Delivery Agent Scam,17750,PhonePe,Collect Request,txn5368@ybl,user9129@okicici,ICICI Bank,Uttar Pradesh,26-35,Male,Salaried Employee,Android,Yes,No,1-6 hours,No,Not Recovered,1
TXN667785485297,11-11-2023,10:27:49,Saturday,Vishing,Refund Processing,1300,PhonePe,P2P,acct5361@okhdfcbank,user1052@ibl,Axis Bank,Tamil Nadu,26-35,Female,Self-employed/Business,iOS,Yes,Yes,1-3 days,No,Not Recovered,1
TXN553699261187,19-11-2023,14:21:40,Sunday,Social Engineering,KYC Update Required,7200,PhonePe,P2M,user5810@oksbi,acct9277@apl,Canara Bank,Telangana,26-35,Male,Salaried Employee,Android,Yes,No,6-24 hours,Yes,Not Recovered,1
TXN823133949882,25-12-2023,10:29:03,Monday,Vishing,Investment Scheme,4200,PhonePe,P2P,txn2427@apl,txn9479@okaxis,Yes Bank,Madhya Pradesh,46-55,Female,Retired,Android,No,No,1-3 days,No,Not Recovered,1
TXN586396364669,01-06-2023,09:30:59,Thursday,OTP Sharing,Delivery Agent Scam,5900,Google Pay,P2M,txn7960@apl,pay4461@okaxis,ICICI Bank,Karnataka,36-45,Male,Salaried Employee,Android,No,Yes,1-6 hours,Yes,Fully Recovered,1
TXN656829808517,10-05-2024,14:28:42,Friday,Phishing,Prize/Lottery Win,17700,Paytm,P2P,acct6391@oksbi,mb6398@okaxis,ICICI Bank,Gujarat,56-65,Male,Daily Wage Worker,iOS,No,Yes,6-24 hours,No,Partially Recovered,1
TXN250916777098,01-05-2024,13:13:36,Wednesday,QR Code Swap,Customer Care Impersonation,2700,Google Pay,P2M,user8461@okaxis,txn7923@okhdfcbank,Kotak Mahindra Bank,Gujarat,46-55,Female,Farmer,Android,Yes,No,1-6 hours,No,Not Recovered,1
TXN188543798882,10-10-2024,20:43:46,Thursday,QR Code Swap,Digital Arrest Threat,2850,Google Pay,P2M,mb9790@okicici,acct2966@apl,IndusInd Bank,Telangana,18-25,Male,Salaried Employee,Android,Yes,No,1-3 days,No,Not Recovered,1
TXN834240467540,05-09-2023,12:20:56,Tuesday,SIM Swap,Delivery Agent Scam,13800,PhonePe,P2P,pay2427@oksbi,txn5955@okaxis,Punjab National Bank,Rajasthan,26-35,Female,Student,Android,Yes,No,1-6 hours,No,Not Recovered,1
TXN408274600994,25-07-2023,10:49:36,Tuesday,Fake Collect Request,Prize/Lottery Win,2100,PhonePe,P2M,pay1889@okicici,user8633@apl,HDFC Bank,Odisha,36-45,Male,Student,Feature Phone,Yes,No,3-7 days,No,Not Recovered,1
TXN257445640344,24-07-2023,12:32:55,Monday,Social Engineering,Job Offer/Part-time Work,3550,PhonePe,Collect Request,mb2526@ibl,user4272@paytm,Yes Bank,Kerala,26-35,Male,Daily Wage Worker,iOS,No,No,< 1 hour,Yes,Not Recovered,1
TXN703076196876,18-05-2023,08:03:59,Thursday,Fake Collect Request,KYC Update Required,1800,PhonePe,P2M,pay5849@ybl,mb6345@okaxis,Punjab National Bank,Maharashtra,26-35,Male,Retired,iOS,No,No,6-24 hours,No,Not Recovered,1
TXN618831229356,05-02-2025,20:29:09,Wednesday,QR Code Swap,Customer Care Impersonation,7800,Google Pay,P2P,acct7421@okicici,user1542@apl,SBI,Kerala,26-35,Female,Homemaker,Feature Phone,Yes,No,6-24 hours,Yes,Fully Recovered,1
TXN185924556011,15-08-2023,20:15:39,Tuesday,Phishing,Prize/Lottery Win,850,Paytm,P2P,pay1179@ybl,pay5886@okicici,Canara Bank,Odisha,26-35,Female,Student,Android,No,Yes,6-24 hours,No,Not Recovered,1
TXN932872717114,02-02-2025,20:13:26,Sunday,Fake Collect Request,Job Offer/Part-time Work,6300,PhonePe,Collect Request,txn4969@axl,txn3178@ybl,ICICI Bank,Kerala,26-35,Male,Homemaker,iOS,Yes,No,1-6 hours,No,Not Recovered,1
TXN889734011872,14-05-2023,11:14:44,Sunday,SIM Swap,KYC Update Required,2300,Google Pay,P2P,mb8401@paytm,pay9483@ibl,HDFC Bank,Gujarat,46-55,Female,Homemaker,Android,Yes,No,1-3 days,No,Fully Recovered,1
TXN292865847739,09-01-2024,22:25:26,Tuesday,Phishing,Digital Arrest Threat,750,PhonePe,P2M,pay1827@ybl,pay9592@axl,ICICI Bank,Maharashtra,18-25,Male,Salaried Employee,Android,No,No,6-24 hours,Yes,Not Recovered,1
TXN764591372180,06-10-2023,09:26:36,Friday,Fake Collect Request,Prize/Lottery Win,1350,Google Pay,P2P,mb5062@oksbi,txn8822@axl,HDFC Bank,Uttar Pradesh,66+,Female,Student,Android,Yes,No,1-3 days,No,Not Recovered,1
TXN192769105651,21-10-2024,14:45:31,Monday,QR Code Swap,Investment Scheme,1400,PhonePe,P2M,pay3065@axl,user1480@okaxis,HDFC Bank,Karnataka,18-25,Male,Salaried Employee,Android,No,No,1-6 hours,No,Not Recovered,1
TXN667812394316,08-06-2023,11:03:41,Thursday,Remote Access Scam,Loan Offer,16550,PhonePe,P2M,mb9121@ibl,pay9905@paytm,Punjab National Bank,Telangana,36-45,Female,Retired,iOS,Yes,No,1-3 days,Yes,Not Recovered,1
TXN569983780621,14-08-2023,05:39:34,Monday,QR Code Swap,Investment Scheme,4750,Paytm,P2P,mb2676@ybl,mb7564@okicici,HDFC Bank,Uttar Pradesh,18-25,Female,Student,Feature Phone,Yes,No,< 1 hour,Yes,Not Recovered,1
TXN269566562557,03-11-2024,22:52:49,Sunday,Fake Collect Request,Customer Care Impersonation,52250,PhonePe,P2P,txn1110@ybl,pay6035@paytm,HDFC Bank,Andhra Pradesh,56-65,Male,Salaried Employee,Android,Yes,No,6-24 hours,No,Not Recovered,1
TXN259107014114,20-12-2023,08:10:20,Wednesday,Vishing,Job Offer/Part-time Work,900,PhonePe,P2P,txn2162@oksbi,mb8934@oksbi,SBI,Delhi,36-45,Female,Self-employed/Business,Android,No,No,3-7 days,Yes,Not Recovered,1
TXN108095390541,02-11-2023,13:12:19,Thursday,SIM Swap,Refund Processing,23950,Google Pay,P2P,acct7775@ibl,user2168@paytm,ICICI Bank,Odisha,26-35,Male,Farmer,Android,No,No,1-6 hours,Yes,Not Recovered,1
TXN477963373906,04-01-2025,05:58:44,Saturday,Fake Collect Request,Refund Processing,15850,PhonePe,P2M,txn9922@okhdfcbank,user6258@paytm,HDFC Bank,Karnataka,46-55,Female,Farmer,Android,Yes,No,< 1 hour,No,Partially Recovered,1
TXN373852008942,23-12-2023,10:51:39,Saturday,Vishing,KYC Update Required,4450,PhonePe,P2M,mb9944@okicici,pay2334@apl,SBI,Andhra Pradesh,56-65,Male,Retired,Android,Yes,Yes,< 1 hour,No,Not Recovered,1
TXN200235715434,25-04-2023,17:37:24,Tuesday,Vishing,Impersonation of Known Person,2000,Google Pay,P2P,acct5628@axl,mb4385@oksbi,Punjab National Bank,Karnataka,36-45,Female,Salaried Employee,Android,Yes,Yes,6-24 hours,Yes,Not Recovered,1
TXN888897440625,29-11-2023,11:26:08,Wednesday,Phishing,KYC Update Required,89650,Google Pay,P2M,user2518@apl,txn4643@okhdfcbank,Kotak Mahindra Bank,Odisha,26-35,Female,Salaried Employee,Android,No,Yes,6-24 hours,Yes,Not Recovered,1
TXN259596398635,04-07-2023,09:54:58,Tuesday,Phishing,Delivery Agent Scam,2400,Google Pay,P2P,user6137@oksbi,mb8706@okaxis,HDFC Bank,Karnataka,36-45,Male,Salaried Employee,Android,No,Yes,6-24 hours,No,Not Recovered,1
TXN732407652856,31-07-2024,13:17:23,Wednesday,OTP Sharing,KYC Update Required,5000,Google Pay,P2M,txn7901@paytm,acct7687@okicici,Punjab National Bank,Gujarat,46-55,Female,Self-employed/Business,Android,No,Yes,< 1 hour,Yes,Not Recovered,1
TXN159324669071,22-05-2024,09:20:44,Wednesday,SIM Swap,Refund Processing,2001,PhonePe,P2M,acct4874@okaxis,acct7484@oksbi,SBI,Uttar Pradesh,66+,Male,Student,Android,Yes,No,6-24 hours,Yes,Not Recovered,1
TXN765820027162,18-06-2024,19:23:02,Tuesday,Phishing,KYC Update Required,5700,Google Pay,P2M,txn6553@okicici,pay8537@ibl,SBI,Andhra Pradesh,26-35,Female,Salaried Employee,Android,Yes,Yes,1-6 hours,Yes,Partially Recovered,1
TXN751246597590,03-11-2024,13:38:23,Sunday,Vishing,KYC Update Required,1850,Google Pay,P2M,pay1718@ibl,txn5612@ybl,Yes Bank,West Bengal,66+,Male,Daily Wage Worker,Android,Yes,Yes,3-7 days,No,Fully Recovered,1
TXN233785688919,03-03-2024,10:05:07,Sunday,Fake Collect Request,Investment Scheme,6000,PhonePe,P2P,acct9110@okaxis,txn7674@axl,Yes Bank,Gujarat,36-45,Male,Self-employed/Business,iOS,No,No,1-6 hours,No,Partially Recovered,1
TXN848179213188,13-04-2023,10:51:26,Thursday,Phishing,Prize/Lottery Win,2550,PhonePe,Collect Request,user2111@paytm,pay2477@axl,ICICI Bank,Maharashtra,26-35,Male,Salaried Employee,Feature Phone,Yes,Yes,1-6 hours,Yes,Partially Recovered,1
TXN741958188595,21-08-2024,19:20:27,Wednesday,Phishing,Refund Processing,9700,PhonePe,P2P,user6231@paytm,user2309@apl,ICICI Bank,Karnataka,18-25,Male,Homemaker,Android,Yes,No,3-7 days,Yes,Partially Recovered,1
TXN614050310992,12-01-2025,15:25:27,Sunday,Remote Access Scam,Prize/Lottery Win,97100,Paytm,P2M,user4043@oksbi,acct8766@okhdfcbank,HDFC Bank,Uttar Pradesh,26-35,Male,Salaried Employee,Android,Yes,No,6-24 hours,No,Not Recovered,1
TXN384709498631,07-10-2024,10:54:00,Monday,SIM Swap,Delivery Agent Scam,900,PhonePe,P2P,user4048@apl,pay6278@oksbi,Bank of Baroda,Telangana,36-45,Male,Self-employed/Business,Android,No,No,1-3 days,No,Not Recovered,1
TXN375281293411,15-09-2023,19:59:51,Friday,Social Engineering,Electricity Bill Disconnection,4550,PhonePe,Collect Request,user2069@axl,mb4094@oksbi,Bank of Baroda,Punjab,36-45,Male,Student,Android,No,Yes,1-6 hours,Yes,Not Recovered,1
TXN578131253289,27-09-2023,14:18:08,Wednesday,Phishing,Customer Care Impersonation,4700,Google Pay,P2M,mb2137@oksbi,mb4623@okhdfcbank,Canara Bank,Karnataka,36-45,Male,Self-employed/Business,iOS,Yes,No,1-6 hours,No,Not Recovered,1
TXN138483295590,01-05-2023,00:53:25,Monday,SIM Swap,Prize/Lottery Win,211900,Amazon Pay,P2M,acct7583@ybl,acct1463@paytm,SBI,Andhra Pradesh,26-35,Female,Self-employed/Business,Android,Yes,No,1-6 hours,No,Not Recovered,1
TXN580471730011,04-04-2023,09:23:03,Tuesday,Vishing,KYC Update Required,15500,PhonePe,P2M,acct7010@apl,pay8012@paytm,Canara Bank,Tamil Nadu,18-25,Male,Retired,Android,Yes,Yes,1-6 hours,No,Not Recovered,1
TXN393981134021,04-06-2024,08:36:59,Tuesday,Phishing,Digital Arrest Threat,30250,PhonePe,P2M,txn8957@oksbi,user9564@oksbi,Punjab National Bank,Karnataka,18-25,Female,Daily Wage Worker,iOS,No,Yes,1-3 days,No,Partially Recovered,1
TXN829287318145,22-11-2024,17:36:43,Friday,QR Code Swap,Loan Offer,9450,PhonePe,P2M,pay3341@axl,acct5859@oksbi,ICICI Bank,Gujarat,46-55,Female,Student,Android,Yes,No,1-6 hours,No,Not Recovered,1
TXN852402904314,09-08-2023,08:14:37,Wednesday,Vishing,Electricity Bill Disconnection,2550,Paytm,P2M,acct8158@okicici,pay4163@apl,Punjab National Bank,Karnataka,46-55,Female,Self-employed/Business,Feature Phone,Yes,Yes,1-6 hours,Yes,Fully Recovered,1
TXN699823383615,21-03-2025,21:31:19,Friday,Phishing,Investment Scheme,45850,Google Pay,P2M,txn2104@axl,mb1810@axl,Kotak Mahindra Bank,Telangana,26-35,Male,Daily Wage Worker,Android,No,Yes,< 1 hour,No,Not Recovered,1
TXN695618637545,15-03-2025,07:46:12,Saturday,OTP Sharing,Investment Scheme,4650,Google Pay,P2M,pay1060@paytm,pay4298@axl,HDFC Bank,Uttar Pradesh,26-35,Female,Homemaker,Android,Yes,No,6-24 hours,No,Not Recovered,1
TXN936451786680,01-08-2023,06:34:03,Tuesday,Fake Collect Request,Loan Offer,650,PhonePe,Collect Request,txn9086@ibl,user3820@ybl,Bank of Baroda,Uttar Pradesh,18-25,Male,Salaried Employee,Android,Yes,No,6-24 hours,No,Fully Recovered,1
TXN746445372468,25-07-2024,13:00:00,Thursday,Phishing,KYC Update Required,7750,Paytm,P2P,mb8738@ybl,user3354@oksbi,SBI,Delhi,46-55,Female,Salaried Employee,Android,Yes,Yes,< 1 hour,Yes,Not Recovered,1
TXN166190652573,24-10-2023,14:58:34,Tuesday,Money Mule,Impersonation of Known Person,1000,Google Pay,P2M,pay1740@ibl,user9856@apl,ICICI Bank,West Bengal,46-55,Female,Student,Android,Yes,No,1-3 days,No,Not Recovered,1
TXN271755882365,15-11-2023,04:38:49,Wednesday,Fake UPI App,Electricity Bill Disconnection,13500,PhonePe,P2P,mb5402@okhdfcbank,pay6940@axl,Punjab National Bank,Maharashtra,36-45,Female,Daily Wage Worker,iOS,Yes,No,1-3 days,Yes,Fully Recovered,1
TXN935920625633,15-12-2024,10:00:19,Sunday,Vishing,Digital Arrest Threat,900,PhonePe,Collect Request,mb1739@okicici,acct1017@okicici,SBI,Uttar Pradesh,46-55,Female,Student,Android,No,Yes,3-7 days,No,Not Recovered,1
TXN832034305388,22-12-2024,10:09:41,Sunday,Fake UPI App,Job Offer/Part-time Work,32650,BHIM,P2P,acct8719@ybl,mb8156@paytm,Punjab National Bank,Kerala,26-35,Male,Self-employed/Business,iOS,Yes,No,1-3 days,Yes,Not Recovered,1
TXN727520582755,06-04-2024,16:07:42,Saturday,Vishing,Job Offer/Part-time Work,8500,Google Pay,P2P,acct3607@oksbi,pay3757@axl,Kotak Mahindra Bank,Gujarat,66+,Female,Student,Android,Yes,No,1-3 days,Yes,Not Recovered,1
TXN851253166024,02-05-2023,18:23:46,Tuesday,Fake Collect Request,KYC Update Required,22400,PhonePe,P2M,user7087@okhdfcbank,mb2479@paytm,Other,Maharashtra,26-35,Female,Salaried Employee,Android,No,No,1-6 hours,Yes,Partially Recovered,1
TXN349843671342,05-10-2024,14:18:49,Saturday,Phishing,Impersonation of Known Person,3500,Google Pay,Collect Request,acct1927@okaxis,acct6183@ybl,Other,West Bengal,36-45,Male,Self-employed/Business,Android,No,No,< 1 hour,Yes,Not Recovered,1
TXN922281938567,07-10-2024,16:28:03,Monday,OTP Sharing,Customer Care Impersonation,8800,PhonePe,P2M,pay8582@apl,user6779@okhdfcbank,HDFC Bank,Odisha,36-45,Female,Student,Android,No,Yes,> 7 days,No,Fully Recovered,1
TXN358346310157,23-02-2024,14:03:35,Friday,Fake Collect Request,Refund Processing,4500,Google Pay,P2P,mb7539@okhdfcbank,pay2876@okaxis,Axis Bank,Madhya Pradesh,36-45,Male,Student,Android,Yes,No,1-3 days,No,Under Investigation,1
TXN887645565428,07-01-2025,20:47:05,Tuesday,Fake Collect Request,Electricity Bill Disconnection,11650,Google Pay,P2P,mb1600@okhdfcbank,user8449@okicici,Kotak Mahindra Bank,Telangana,36-45,Female,Salaried Employee,Android,No,No,1-3 days,Yes,Not Recovered,1
TXN776504733295,11-11-2023,14:09:37,Saturday,Fake Collect Request,Customer Care Impersonation,4500,Google Pay,Collect Request,acct9496@oksbi,pay6543@ibl,HDFC Bank,Haryana,26-35,Female,Daily Wage Worker,Feature Phone,Yes,No,1-6 hours,Yes,Not Recovered,1
TXN780659721830,08-03-2025,13:51:31,Saturday,QR Code Swap,Refund Processing,22550,PhonePe,P2P,mb4647@apl,txn5590@ybl,SBI,Telangana,46-55,Female,Self-employed/Business,iOS,Yes,No,6-24 hours,Yes,Not Recovered,1
TXN532718178385,16-05-2023,11:32:34,Tuesday,Phishing,Loan Offer,70400,Google Pay,P2M,mb2223@okaxis,mb8174@paytm,Other,Karnataka,56-65,Female,Retired,Feature Phone,Yes,Yes,1-3 days,No,Not Recovered,1
TXN124972673010,23-12-2024,13:03:55,Monday,Social Engineering,Digital Arrest Threat,3250,Google Pay,P2P,user8077@oksbi,pay6231@paytm,Axis Bank,West Bengal,36-45,Male,Daily Wage Worker,Android,No,No,> 7 days,Yes,Partially Recovered,1
TXN461158337747,10-11-2023,18:32:42,Friday,Phishing,Electricity Bill Disconnection,1700,PhonePe,Collect Request,mb7034@ybl,pay4715@oksbi,Punjab National Bank,Bihar,26-35,Female,Self-employed/Business,Android,Yes,Yes,3-7 days,Yes,Partially Recovered,1
TXN478482532774,27-09-2023,11:24:54,Wednesday,Money Mule,KYC Update Required,4250,Google Pay,P2M,mb6844@apl,txn2348@paytm,ICICI Bank,Uttar Pradesh,46-55,Male,Salaried Employee,Android,Yes,No,1-6 hours,Yes,Not Recovered,1
TXN404245936119,31-12-2023,18:59:59,Sunday,Fake Collect Request,KYC Update Required,3800,PhonePe,P2M,acct7334@okaxis,mb5180@apl,Axis Bank,Karnataka,18-25,Male,Retired,Android,No,No,1-6 hours,Yes,Under Investigation,1
TXN897039148524,26-10-2023,17:51:28,Thursday,Vishing,Digital Arrest Threat,12100,PhonePe,P2M,mb7299@okicici,user4090@axl,Other,Tamil Nadu,46-55,Male,Salaried Employee,iOS,No,Yes,1-6 hours,No,Under Investigation,1
TXN393003442995,21-04-2024,13:07:38,Sunday,SIM Swap,Prize/Lottery Win,317000,PhonePe,P2P,mb9916@okaxis,user4420@paytm,SBI,Rajasthan,18-25,Male,Salaried Employee,Feature Phone,No,No,1-3 days,Yes,Partially Recovered,1
TXN578289690554,07-06-2024,15:57:26,Friday,QR Code Swap,Refund Processing,5150,PhonePe,P2M,txn3295@axl,user2802@apl,ICICI Bank,Karnataka,56-65,Female,Salaried Employee,Android,Yes,No,1-6 hours,No,Not Recovered,1
TXN125962996558,27-04-2024,10:48:08,Saturday,Vishing,Refund Processing,1700,PhonePe,P2M,pay9971@ibl,user3931@ibl,Axis Bank,Madhya Pradesh,26-35,Female,Salaried Employee,Android,No,Yes,6-24 hours,No,Not Recovered,1
TXN402199040903,17-03-2024,06:46:13,Sunday,Fake UPI App,Prize/Lottery Win,14450,Google Pay,P2M,acct2371@ibl,acct5790@oksbi,IndusInd Bank,Madhya Pradesh,56-65,Male,Salaried Employee,Android,Yes,No,6-24 hours,Yes,Not Recovered,1
TXN511476726878,31-08-2023,12:07:16,Thursday,OTP Sharing,KYC Update Required,9300,PhonePe,Collect Request,mb1845@okaxis,user9780@paytm,SBI,Delhi,36-45,Male,Salaried Employee,Android,Yes,Yes,6-24 hours,Yes,Not Recovered,1
TXN461330762112,06-12-2023,07:13:37,Wednesday,Phishing,Delivery Agent Scam,650,PhonePe,P2P,acct1866@axl,mb1037@okicici,ICICI Bank,Maharashtra,26-35,Male,Student,Android,Yes,Yes,< 1 hour,Yes,Not Recovered,1
TXN459382591596,12-06-2024,19:42:12,Wednesday,Vishing,KYC Update Required,11200,PhonePe,P2P,pay3755@ybl,user2570@ybl,SBI,Uttar Pradesh,26-35,Female,Self-employed/Business,Android,Yes,Yes,1-3 days,No,Under Investigation,1
TXN244255522722,05-09-2023,03:26:30,Tuesday,Phishing,Customer Care Impersonation,3050,PhonePe,Collect Request,pay3885@okaxis,txn7189@okicici,HDFC Bank,Maharashtra,36-45,Male,Self-employed/Business,iOS,Yes,Yes,< 1 hour,Yes,Partially Recovered,1
TXN381739997093,30-01-2025,04:42:47,Thursday,Fake Collect Request,Prize/Lottery Win,650,PhonePe,P2M,txn7745@ybl,txn3068@oksbi,Punjab National Bank,Karnataka,26-35,Male,Self-employed/Business,Android,Yes,No,3-7 days,Yes,Not Recovered,1
TXN401689253046,06-02-2024,09:25:19,Tuesday,SIM Swap,Refund Processing,3800,Google Pay,P2P,mb6906@okicici,mb8731@oksbi,Kotak Mahindra Bank,Rajasthan,18-25,Male,Student,iOS,No,No,1-6 hours,Yes,Not Recovered,1
TXN392509720022,30-03-2024,12:49:05,Saturday,Vishing,Customer Care Impersonation,1300,Google Pay,P2P,acct7053@oksbi,pay7624@ibl,IndusInd Bank,Odisha,26-35,Female,Self-employed/Business,Feature Phone,No,Yes,1-6 hours,Yes,Not Recovered,1
TXN320287309742,11-09-2023,11:28:49,Monday,Money Mule,Loan Offer,3600,PhonePe,P2M,acct9091@okicici,txn2691@ibl,Other,Rajasthan,26-35,Male,Student,Android,Yes,No,1-3 days,Yes,Not Recovered,1
TXN904848079431,30-07-2024,07:41:29,Tuesday,Fake UPI App,Impersonation of Known Person,16850,PhonePe,P2P,mb3410@ybl,mb8706@oksbi,HDFC Bank,Kerala,46-55,Male,Self-employed/Business,Android,No,No,1-6 hours,Yes,Not Recovered,1
TXN166054619568,21-12-2024,16:56:48,Saturday,Fake Collect Request,Investment Scheme,8400,Google Pay,P2P,acct3720@okaxis,user5487@apl,Axis Bank,Karnataka,56-65,Female,Self-employed/Business,Android,Yes,No,< 1 hour,No,Not Recovered,1
TXN799355312870,19-12-2024,13:30:35,Thursday,Social Engineering,Refund Processing,800,PhonePe,P2P,pay7366@ybl,txn7643@oksbi,Kotak Mahindra Bank,Uttar Pradesh,26-35,Male,Salaried Employee,Android,Yes,Yes,1-3 days,Yes,Not Recovered,1
TXN778984641805,13-10-2023,15:29:08,Friday,SIM Swap,Investment Scheme,9800,Google Pay,P2P,acct8397@okaxis,acct4673@oksbi,SBI,Andhra Pradesh,26-35,Male,Salaried Employee,Android,Yes,No,1-6 hours,No,Fully Recovered,1
TXN562421448758,02-03-2024,10:07:02,Saturday,Phishing,Job Offer/Part-time Work,2700,PhonePe,P2M,acct4360@ybl,mb2644@ybl,HDFC Bank,Uttar Pradesh,46-55,Male,Homemaker,Android,Yes,Yes,< 1 hour,Yes,Not Recovered,1
TXN818597637735,17-05-2023,19:34:51,Wednesday,OTP Sharing,Prize/Lottery Win,650,PhonePe,P2P,pay1633@okicici,mb7835@axl,Axis Bank,Kerala,56-65,Male,Salaried Employee,Android,No,No,1-6 hours,No,Not Recovered,1
TXN564177246776,31-07-2023,12:34:02,Monday,SIM Swap,Prize/Lottery Win,1750,BHIM,P2M,user8832@okhdfcbank,acct2633@oksbi,IndusInd Bank,Tamil Nadu,26-35,Male,Self-employed/Business,Feature Phone,Yes,No,1-6 hours,Yes,Not Recovered,1
TXN675237220978,08-10-2024,12:05:20,Tuesday,SIM Swap,KYC Update Required,1950,Paytm,P2M,mb2446@ybl,user2953@okicici,Bank of Baroda,Haryana,46-55,Male,Retired,Feature Phone,No,No,> 7 days,Yes,Not Recovered,1
TXN775605508767,28-09-2024,13:40:19,Saturday,Vishing,Refund Processing,47850,PhonePe,Collect Request,user7208@okhdfcbank,mb5690@okicici,ICICI Bank,Karnataka,56-65,Male,Salaried Employee,iOS,Yes,Yes,< 1 hour,No,Not Recovered,1
TXN913882765329,12-12-2023,16:07:22,Tuesday,Vishing,Customer Care Impersonation,1950,PhonePe,P2M,txn2229@okaxis,pay6952@ybl,Punjab National Bank,Maharashtra,56-65,Male,Self-employed/Business,Android,Yes,No,1-6 hours,Yes,Not Recovered,1
TXN573909840170,11-08-2024,17:04:59,Sunday,OTP Sharing,Electricity Bill Disconnection,9900,Paytm,P2P,acct6699@axl,pay6990@ibl,Axis Bank,Gujarat,26-35,Male,Student,Feature Phone,No,Yes,> 7 days,Yes,Not Recovered,1
TXN221437856896,29-08-2024,11:09:54,Thursday,Money Mule,Refund Processing,4950,Google Pay,P2P,pay1083@axl,mb7897@okicici,HDFC Bank,Karnataka,18-25,Male,Self-employed/Business,iOS,No,No,6-24 hours,No,Not Recovered,1
TXN650581194823,23-12-2023,05:44:32,Saturday,QR Code Swap,KYC Update Required,24350,PhonePe,P2M,user2994@ibl,pay3293@oksbi,HDFC Bank,Karnataka,66+,Female,Homemaker,Feature Phone,Yes,No,6-24 hours,Yes,Not Recovered,1
TXN509001888815,25-08-2023,15:11:11,Friday,Fake Collect Request,Electricity Bill Disconnection,4200,PhonePe,Collect Request,user2891@oksbi,txn1486@ibl,HDFC Bank,Maharashtra,26-35,Male,Salaried Employee,Android,No,No,6-24 hours,Yes,Not Recovered,1
TXN696685350600,16-10-2023,11:49:28,Monday,Social Engineering,KYC Update Required,1800,Google Pay,P2P,user2192@okaxis,txn2676@ybl,Bank of Baroda,Delhi,18-25,Female,Farmer,Android,Yes,Yes,6-24 hours,No,Not Recovered,1
TXN773993491209,30-03-2025,22:15:19,Sunday,Phishing,Customer Care Impersonation,2500,Paytm,P2P,pay1369@axl,pay6641@paytm,ICICI Bank,Madhya Pradesh,36-45,Female,Homemaker,Android,No,Yes,6-24 hours,Yes,Not Recovered,1
TXN707016033081,24-10-2024,16:01:43,Thursday,Money Mule,Investment Scheme,4400,Google Pay,P2M,txn6643@paytm,txn6014@okaxis,ICICI Bank,Madhya Pradesh,36-45,Male,Daily Wage Worker,Feature Phone,Yes,No,1-3 days,No,Not Recovered,1
TXN399600365875,09-10-2024,18:11:36,Wednesday,Social Engineering,Prize/Lottery Win,1350,Google Pay,P2P,txn8275@okaxis,user7538@ibl,Punjab National Bank,Tamil Nadu,26-35,Female,Salaried Employee,Android,Yes,Yes,< 1 hour,Yes,Not Recovered,1
TXN649057296405,26-08-2023,13:05:59,Saturday,Vishing,Job Offer/Part-time Work,5550,PhonePe,P2M,pay6293@okaxis,mb5620@okicici,SBI,Maharashtra,56-65,Male,Student,iOS,Yes,Yes,1-6 hours,Yes,Not Recovered,1
TXN521030465431,03-12-2023,18:57:16,Sunday,Phishing,Refund Processing,2001,PhonePe,P2P,pay9175@axl,user3656@ybl,HDFC Bank,Madhya Pradesh,26-35,Male,Student,iOS,No,Yes,1-6 hours,Yes,Not Recovered,1
TXN253880686697,16-09-2023,12:03:15,Saturday,Money Mule,Prize/Lottery Win,1850,PhonePe,P2P,mb8128@axl,pay2485@paytm,SBI,Telangana,46-55,Female,Daily Wage Worker,Android,Yes,No,< 1 hour,Yes,Not Recovered,1
TXN998190197888,09-09-2023,08:18:10,Saturday,Fake Collect Request,Refund Processing,10450,Google Pay,Collect Request,txn1540@oksbi,user4778@okicici,HDFC Bank,Maharashtra,26-35,Male,Self-employed/Business,Android,Yes,No,6-24 hours,No,Not Recovered,1
TXN811168275119,25-08-2024,06:34:49,Sunday,Social Engineering,Electricity Bill Disconnection,2750,PhonePe,P2M,txn8049@okhdfcbank,acct3395@okicici,SBI,Telangana,26-35,Female,Self-employed/Business,Android,No,Yes,6-24 hours,Yes,Not Recovered,1
TXN814618437435,14-03-2024,12:45:43,Thursday,Vishing,Digital Arrest Threat,9200,PhonePe,P2P,acct8626@apl,user5667@ibl,Canara Bank,Gujarat,26-35,Female,Salaried Employee,Android,Yes,Yes,1-3 days,No,Not Recovered,1
TXN618225743573,20-04-2024,11:46:18,Saturday,Fake UPI App,KYC Update Required,2500,Google Pay,P2M,acct2096@okicici,user3623@apl,SBI,Tamil Nadu,56-65,Male,Self-employed/Business,Android,Yes,No,3-7 days,Yes,Not Recovered,1
TXN367728073337,28-06-2023,19:41:20,Wednesday,QR Code Swap,KYC Update Required,1850,PhonePe,P2P,pay3476@oksbi,acct3016@apl,ICICI Bank,Karnataka,46-55,Male,Daily Wage Worker,Android,Yes,No,< 1 hour,Yes,Not Recovered,1
TXN723825351604,30-03-2024,15:04:55,Saturday,Phishing,KYC Update Required,18450,PhonePe,P2M,mb3433@oksbi,user4394@okicici,Yes Bank,Gujarat,36-45,Male,Salaried Employee,Android,No,No,< 1 hour,Yes,Fully Recovered,1
TXN252573528736,22-12-2023,13:38:42,Friday,Fake Collect Request,KYC Update Required,37450,BHIM,P2M,user2544@okhdfcbank,txn1496@axl,Punjab National Bank,Tamil Nadu,18-25,Male,Homemaker,Android,Yes,No,1-6 hours,No,Not Recovered,1
TXN618031446227,27-03-2024,09:27:25,Wednesday,Vishing,Refund Processing,2900,PhonePe,Collect Request,acct5262@apl,acct9377@ybl,HDFC Bank,Punjab,26-35,Female,Daily Wage Worker,Feature Phone,Yes,No,6-24 hours,No,Partially Recovered,1
TXN943624783824,23-11-2024,13:10:17,Saturday,Fake UPI App,Customer Care Impersonation,8000,PhonePe,P2P,pay8328@axl,acct3938@oksbi,SBI,West Bengal,18-25,Male,Self-employed/Business,Android,No,No,6-24 hours,Yes,Not Recovered,1
TXN859595163173,22-02-2024,17:39:28,Thursday,Fake Collect Request,Investment Scheme,1900,Google Pay,P2P,user5700@ibl,acct8596@okicici,Punjab National Bank,Punjab,56-65,Male,Salaried Employee,Feature Phone,Yes,No,1-3 days,No,Not Recovered,1
TXN866941083112,17-04-2024,08:33:18,Wednesday,OTP Sharing,Loan Offer,550,PhonePe,P2M,txn6188@okhdfcbank,acct8999@axl,Other,Telangana,36-45,Male,Salaried Employee,Feature Phone,Yes,Yes,1-6 hours,No,Not Recovered,1
TXN947195730664,29-06-2024,01:12:26,Saturday,OTP Sharing,Prize/Lottery Win,9250,PhonePe,P2M,mb4334@oksbi,pay7928@paytm,Canara Bank,Rajasthan,18-25,Male,Daily Wage Worker,iOS,Yes,Yes,6-24 hours,No,Not Recovered,1
TXN714283517808,20-02-2025,15:01:50,Thursday,QR Code Swap,Customer Care Impersonation,95300,Google Pay,P2M,txn7869@ybl,mb1851@okhdfcbank,Yes Bank,Delhi,26-35,Female,Salaried Employee,Android,Yes,No,3-7 days,No,Fully Recovered,1
TXN167183088736,10-10-2023,08:39:23,Tuesday,SIM Swap,KYC Update Required,1650,BHIM,Collect Request,mb1799@oksbi,mb9348@okaxis,IndusInd Bank,Bihar,26-35,Female,Salaried Employee,Android,No,No,1-6 hours,No,Fully Recovered,1
TXN783080458364,18-01-2024,10:04:03,Thursday,Vishing,Refund Processing,2250,PhonePe,P2P,user2689@axl,mb6206@axl,Axis Bank,Uttar Pradesh,26-35,Male,Salaried Employee,Android,Yes,Yes,6-24 hours,Yes,Not Recovered,1
TXN499890244822,14-01-2024,13:31:53,Sunday,Fake UPI App,Electricity Bill Disconnection,5300,Paytm,P2M,mb7377@axl,mb7920@okhdfcbank,ICICI Bank,Karnataka,56-65,Male,Homemaker,Android,Yes,No,6-24 hours,No,Not Recovered,1
TXN175329940459,27-06-2023,15:30:52,Tuesday,Fake UPI App,Investment Scheme,4350,PhonePe,P2P,mb6697@axl,txn8204@okicici,Bank of Baroda,Gujarat,36-45,Female,Self-employed/Business,iOS,Yes,No,3-7 days,Yes,Not Recovered,1
TXN569978181102,10-10-2024,12:23:15,Thursday,Money Mule,KYC Update Required,9850,PhonePe,P2M,mb8944@oksbi,user4316@okaxis,IndusInd Bank,Madhya Pradesh,36-45,Male,Self-employed/Business,Android,Yes,No,< 1 hour,No,Not Recovered,1
TXN366151739505,03-09-2023,19:21:13,Sunday,Phishing,Refund Processing,12950,Google Pay,P2P,user9918@paytm,pay1125@apl,Punjab National Bank,Rajasthan,26-35,Female,Homemaker,iOS,No,Yes,1-6 hours,No,Not Recovered,1
TXN631426988414,29-10-2024,21:08:56,Tuesday,OTP Sharing,Delivery Agent Scam,1450,Google Pay,Collect Request,mb7388@oksbi,user2007@okaxis,ICICI Bank,Madhya Pradesh,26-35,Female,Farmer,Feature Phone,Yes,Yes,< 1 hour,No,Fully Recovered,1
TXN843546067702,27-06-2024,21:09:04,Thursday,Phishing,KYC Update Required,1050,PhonePe,P2M,mb8778@okhdfcbank,acct6976@axl,Kotak Mahindra Bank,Telangana,26-35,Male,Retired,Android,No,No,6-24 hours,Yes,Under Investigation,1
TXN848955803794,24-03-2024,18:25:49,Sunday,QR Code Swap,Refund Processing,4500,PhonePe,P2P,txn4215@paytm,mb4281@okicici,SBI,Tamil Nadu,46-55,Male,Salaried Employee,Android,No,No,3-7 days,No,Partially Recovered,1
TXN206094707418,09-08-2023,20:37:04,Wednesday,SIM Swap,Customer Care Impersonation,4550,PhonePe,P2M,user2134@axl,pay7865@okaxis,Kotak Mahindra Bank,Gujarat,26-35,Male,Homemaker,Android,Yes,No,6-24 hours,No,Not Recovered,1
TXN544831717158,02-05-2023,14:08:25,Tuesday,Vishing,Impersonation of Known Person,6700,Google Pay,Collect Request,acct2495@ybl,acct4972@apl,SBI,Andhra Pradesh,46-55,Female,Self-employed/Business,Android,No,Yes,6-24 hours,No,Not Recovered,1
TXN284261148126,28-05-2024,23:24:54,Tuesday,Vishing,KYC Update Required,23300,Amazon Pay,P2M,acct3105@ybl,user1645@okaxis,Punjab National Bank,Telangana,56-65,Male,Salaried Employee,Android,Yes,No,6-24 hours,No,Not Recovered,1
TXN867274280866,06-03-2025,20:43:42,Thursday,Phishing,KYC Update Required,5400,PhonePe,P2P,pay4841@ibl,acct4556@axl,Kotak Mahindra Bank,Karnataka,36-45,Male,Retired,Android,Yes,Yes,6-24 hours,No,Not Recovered,1
TXN466062815575,03-12-2024,17:53:57,Tuesday,Phishing,KYC Update Required,600,Google Pay,P2M,txn2056@ibl,mb3944@okaxis,ICICI Bank,Karnataka,18-25,Male,Salaried Employee,Android,Yes,Yes,3-7 days,No,Partially Recovered,1
TXN730333833784,27-12-2024,18:03:59,Friday,Vishing,Electricity Bill Disconnection,3800,PhonePe,P2M,txn8518@ybl,acct1061@ibl,Axis Bank,Rajasthan,18-25,Female,Salaried Employee,iOS,Yes,No,< 1 hour,No,Not Recovered,1
TXN920874731021,12-11-2023,07:53:55,Sunday,Money Mule,Electricity Bill Disconnection,1200,Google Pay,P2P,txn3292@axl,mb4813@paytm,ICICI Bank,Andhra Pradesh,56-65,Female,Self-employed/Business,Android,Yes,No,6-24 hours,Yes,Under Investigation,1
TXN493705771668,22-05-2024,18:22:41,Wednesday,Phishing,Customer Care Impersonation,16650,PhonePe,P2M,user2438@axl,pay8534@axl,IndusInd Bank,West Bengal,26-35,Female,Student,Android,Yes,No,3-7 days,Yes,Not Recovered,1
TXN102616477635,24-09-2023,15:11:27,Sunday,QR Code Swap,Impersonation of Known Person,4850,PhonePe,P2P,acct5774@oksbi,txn9772@okhdfcbank,Other,Delhi,36-45,Female,Salaried Employee,Android,Yes,No,3-7 days,No,Not Recovered,1
TXN946644562563,17-08-2023,11:39:30,Thursday,QR Code Swap,Impersonation of Known Person,1150,PhonePe,Collect Request,acct2791@axl,txn8910@apl,HDFC Bank,Kerala,46-55,Male,Salaried Employee,iOS,No,No,< 1 hour,No,Not Recovered,1
TXN753993681073,17-11-2024,09:04:52,Sunday,Phishing,KYC Update Required,73100,Google Pay,P2P,pay9566@paytm,mb9049@ibl,Other,Punjab,26-35,Male,Salaried Employee,Android,No,Yes,1-3 days,Yes,Not Recovered,1
TXN480537223747,14-01-2025,13:03:40,Tuesday,Vishing,KYC Update Required,800,Paytm,P2P,pay3968@okicici,pay4097@axl,Punjab National Bank,Tamil Nadu,18-25,Male,Student,Android,Yes,Yes,6-24 hours,No,Not Recovered,1
TXN910858064294,10-12-2024,09:07:40,Tuesday,Fake Collect Request,Refund Processing,2150,PhonePe,P2P,txn1407@ibl,acct2507@ybl,SBI,Karnataka,66+,Female,Homemaker,Android,Yes,No,< 1 hour,No,Not Recovered,1
TXN488345931012,07-02-2024,12:42:38,Wednesday,Vishing,Electricity Bill Disconnection,4050,PhonePe,P2P,mb4254@ybl,mb4248@ybl,HDFC Bank,Maharashtra,46-55,Male,Salaried Employee,Android,No,No,6-24 hours,No,Not Recovered,1
TXN662315636805,27-10-2024,18:14:42,Sunday,Social Engineering,Digital Arrest Threat,4250,Google Pay,P2P,mb5763@oksbi,pay7693@apl,Canara Bank,Bihar,36-45,Female,Salaried Employee,Android,Yes,Yes,< 1 hour,Yes,Not Recovered,1
TXN155869753001,10-11-2023,16:41:16,Friday,Vishing,Delivery Agent Scam,48900,Google Pay,P2P,acct4228@ybl,pay4213@okaxis,Canara Bank,Rajasthan,36-45,Male,Salaried Employee,Android,Yes,Yes,> 7 days,Yes,Not Recovered,1
TXN856483994088,14-03-2025,13:14:58,Friday,SIM Swap,KYC Update Required,44350,Google Pay,Collect Request,user5913@ibl,user4030@apl,Axis Bank,Maharashtra,36-45,Female,Self-employed/Business,Android,Yes,No,1-6 hours,Yes,Under Investigation,1
TXN732874567225,06-07-2023,11:21:14,Thursday,Social Engineering,Loan Offer,1450,Google Pay,Collect Request,user5501@okicici,acct6864@okicici,Punjab National Bank,Tamil Nadu,46-55,Female,Self-employed/Business,iOS,Yes,Yes,< 1 hour,No,Partially Recovered,1
TXN976349326673,15-07-2024,19:09:35,Monday,QR Code Swap,Job Offer/Part-time Work,6500,Google Pay,P2M,mb2324@oksbi,txn2536@okhdfcbank,Axis Bank,West Bengal,26-35,Female,Self-employed/Business,Android,Yes,No,1-6 hours,No,Not Recovered,1
TXN510064698549,01-08-2024,17:59:19,Thursday,Vishing,Prize/Lottery Win,4800,Google Pay,P2P,acct3732@axl,txn2663@okicici,Yes Bank,Telangana,26-35,Male,Salaried Employee,Android,Yes,Yes,6-24 hours,No,Not Recovered,1
TXN439557177986,08-06-2024,04:16:33,Saturday,Phishing,Prize/Lottery Win,92950,Paytm,P2P,txn1532@ibl,mb9844@okicici,Punjab National Bank,Rajasthan,18-25,Female,Salaried Employee,Android,No,Yes,1-3 days,No,Fully Recovered,1
TXN259159394697,07-08-2023,21:45:46,Monday,QR Code Swap,Job Offer/Part-time Work,2400,Google Pay,Collect Request,txn4969@axl,txn7000@okaxis,Axis Bank,Bihar,66+,Male,Self-employed/Business,Feature Phone,No,No,1-6 hours,No,Fully Recovered,1
TXN809542011652,24-02-2025,08:11:50,Monday,OTP Sharing,Electricity Bill Disconnection,1000,PhonePe,P2P,txn5075@axl,mb7103@oksbi,SBI,Telangana,26-35,Male,Student,Android,Yes,No,1-3 days,Yes,Not Recovered,1
TXN597828379233,26-06-2023,21:43:41,Monday,Fake UPI App,Loan Offer,9800,PhonePe,P2P,pay3649@apl,user8001@okicici,SBI,Delhi,18-25,Female,Self-employed/Business,Android,No,No,< 1 hour,No,Fully Recovered,1
TXN634513923657,02-03-2025,16:47:03,Sunday,SIM Swap,Refund Processing,6300,Google Pay,P2P,user8242@ybl,txn2326@ibl,SBI,Telangana,36-45,Male,Homemaker,Android,Yes,No,< 1 hour,Yes,Not Recovered,1
TXN935167510752,19-10-2023,06:17:20,Thursday,Phishing,Job Offer/Part-time Work,12900,Google Pay,P2P,acct1773@oksbi,user5459@okaxis,Punjab National Bank,Karnataka,46-55,Male,Homemaker,iOS,Yes,Yes,1-6 hours,Yes,Not Recovered,1
TXN446820080438,10-12-2024,19:50:13,Tuesday,Vishing,Delivery Agent Scam,8750,Google Pay,P2P,user4992@oksbi,txn7148@okaxis,Axis Bank,Andhra Pradesh,26-35,Male,Salaried Employee,Android,Yes,Yes,1-6 hours,Yes,Not Recovered,1
TXN689430827794,12-07-2023,15:10:09,Wednesday,Phishing,Prize/Lottery Win,4700,PhonePe,P2M,mb2408@paytm,pay7232@okaxis,Kotak Mahindra Bank,Delhi,26-35,Male,Homemaker,iOS,Yes,No,6-24 hours,No,Partially Recovered,1
TXN837249221375,21-07-2024,18:37:45,Sunday,Vishing,KYC Update Required,8950,PhonePe,P2M,mb6253@okhdfcbank,pay4550@paytm,SBI,Telangana,18-25,Male,Salaried Employee,Android,No,Yes,< 1 hour,No,Not Recovered,1
TXN591512581881,07-04-2023,14:05:48,Friday,Phishing,Customer Care Impersonation,22350,PhonePe,Collect Request,user9208@apl,acct3316@axl,ICICI Bank,Karnataka,26-35,Female,Self-employed/Business,Android,Yes,Yes,1-6 hours,Yes,Not Recovered,1
TXN820211858494,03-12-2023,15:25:06,Sunday,Phishing,Prize/Lottery Win,3550,PhonePe,P2P,txn7238@okhdfcbank,txn5868@axl,SBI,Bihar,26-35,Male,Retired,Android,Yes,Yes,6-24 hours,No,Not Recovered,1
TXN389548047181,25-04-2024,09:27:13,Thursday,OTP Sharing,Electricity Bill Disconnection,1900,PhonePe,P2P,acct1445@ybl,acct6131@axl,SBI,Karnataka,46-55,Male,Self-employed/Business,Android,Yes,No,< 1 hour,No,Not Recovered,1
TXN921116679408,03-10-2024,22:24:37,Thursday,QR Code Swap,Job Offer/Part-time Work,5200,PhonePe,P2P,pay2861@okicici,acct1944@axl,ICICI Bank,Telangana,36-45,Female,Student,Android,No,No,1-6 hours,No,Not Recovered,1
TXN814684613415,03-03-2024,15:17:04,Sunday,Phishing,KYC Update Required,3550,PhonePe,P2M,user8871@ibl,acct9615@apl,SBI,Gujarat,46-55,Female,Self-employed/Business,Android,Yes,No,< 1 hour,Yes,Not Recovered,1
TXN112747036016,31-01-2025,10:36:30,Friday,Social Engineering,KYC Update Required,8700,Paytm,P2P,acct2261@paytm,pay6134@axl,HDFC Bank,Tamil Nadu,18-25,Male,Retired,iOS,Yes,Yes,> 7 days,No,Not Recovered,1
TXN676432968804,06-12-2023,07:26:12,Wednesday,Fake UPI App,Loan Offer,1450,Google Pay,P2M,mb1877@axl,mb3731@okaxis,SBI,Odisha,26-35,Male,Student,Android,Yes,No,1-6 hours,No,Fully Recovered,1
TXN439497446520,26-07-2023,18:41:52,Wednesday,Phishing,Digital Arrest Threat,1500,PhonePe,P2P,mb1922@oksbi,acct3676@ibl,SBI,Uttar Pradesh,46-55,Female,Retired,Feature Phone,Yes,Yes,1-6 hours,No,Not Recovered,1
TXN477493163102,28-01-2024,12:49:21,Sunday,QR Code Swap,Loan Offer,3700,Google Pay,P2M,user8175@ybl,user4018@ibl,SBI,Haryana,46-55,Male,Salaried Employee,Android,No,No,1-3 days,Yes,Not Recovered,1
TXN385005472043,23-10-2024,20:04:40,Wednesday,SIM Swap,Loan Offer,233200,Paytm,P2P,user4406@apl,txn6215@oksbi,SBI,West Bengal,56-65,Female,Retired,Android,Yes,No,< 1 hour,Yes,Not Recovered,1
TXN773232938124,06-07-2023,11:13:49,Thursday,Phishing,Electricity Bill Disconnection,3950,Google Pay,P2M,mb3880@okhdfcbank,acct8920@oksbi,ICICI Bank,Tamil Nadu,36-45,Female,Self-employed/Business,Android,Yes,Yes,1-3 days,Yes,Not Recovered,1
TXN287477282035,02-03-2024,16:48:59,Saturday,Phishing,Customer Care Impersonation,2250,PhonePe,Collect Request,pay5429@okhdfcbank,mb9605@oksbi,ICICI Bank,Karnataka,26-35,Female,Self-employed/Business,Android,No,Yes,1-6 hours,Yes,Not Recovered,1
TXN985814029853,02-06-2023,12:58:15,Friday,Phishing,Refund Processing,3300,PhonePe,P2M,txn1119@ybl,acct7739@ibl,SBI,Maharashtra,18-25,Female,Student,iOS,Yes,Yes,1-3 days,No,Not Recovered,1
TXN426994049992,19-03-2025,21:05:07,Wednesday,OTP Sharing,KYC Update Required,5550,Google Pay,P2M,txn2529@okaxis,mb3934@axl,ICICI Bank,Kerala,26-35,Male,Student,Android,Yes,No,6-24 hours,Yes,Fully Recovered,1
TXN723491301125,17-06-2023,17:52:49,Saturday,Phishing,KYC Update Required,7600,Google Pay,Collect Request,txn4829@oksbi,mb7286@okhdfcbank,Other,Uttar Pradesh,36-45,Male,Self-employed/Business,Android,Yes,Yes,1-6 hours,No,Not Recovered,1
TXN307919845739,03-11-2024,10:53:04,Sunday,Fake Collect Request,KYC Update Required,6550,PhonePe,P2M,pay5913@apl,mb4769@oksbi,Punjab National Bank,Tamil Nadu,18-25,Female,Salaried Employee,iOS,Yes,No,1-6 hours,No,Not Recovered,1
TXN393989509811,20-12-2023,09:23:06,Wednesday,Social Engineering,Refund Processing,16250,Google Pay,P2M,pay6570@okaxis,mb6691@okicici,HDFC Bank,Rajasthan,36-45,Female,Homemaker,Android,Yes,Yes,1-6 hours,No,Fully Recovered,1
TXN544401658117,24-10-2024,16:59:33,Thursday,SIM Swap,Job Offer/Part-time Work,419200,Google Pay,P2P,txn1734@ybl,acct3041@apl,Canara Bank,Maharashtra,66+,Male,Farmer,Android,No,No,1-6 hours,No,Not Recovered,1
TXN599325227487,17-09-2024,09:02:48,Tuesday,Fake Collect Request,Loan Offer,7250,Paytm,Collect Request,user7694@okhdfcbank,acct1364@axl,Punjab National Bank,Telangana,36-45,Male,Self-employed/Business,Android,No,No,3-7 days,No,Not Recovered,1
TXN183059111997,19-11-2024,06:54:16,Tuesday,Fake Collect Request,Loan Offer,27650,PhonePe,Collect Request,mb9276@axl,user2571@axl,Other,Karnataka,46-55,Female,Self-employed/Business,Android,Yes,No,1-3 days,No,Not Recovered,1
TXN734398493153,16-08-2024,17:16:36,Friday,Social Engineering,Customer Care Impersonation,6700,Google Pay,P2M,pay8937@ibl,txn1746@okicici,Axis Bank,Maharashtra,26-35,Female,Farmer,Android,No,No,3-7 days,No,Not Recovered,1
TXN570258126795,30-03-2025,18:16:57,Sunday,Phishing,KYC Update Required,5600,Paytm,Collect Request,pay7166@ybl,mb2168@axl,Other,Rajasthan,46-55,Female,Self-employed/Business,iOS,Yes,Yes,> 7 days,Yes,Not Recovered,1
TXN773478843037,12-12-2023,14:18:36,Tuesday,Vishing,KYC Update Required,24100,PhonePe,P2P,pay1025@ybl,mb7043@okicici,Canara Bank,Delhi,18-25,Male,Salaried Employee,Android,No,Yes,1-3 days,No,Not Recovered,1
TXN688861283245,26-03-2025,14:22:33,Wednesday,Vishing,Prize/Lottery Win,6750,PhonePe,P2P,user3466@oksbi,pay7074@paytm,Bank of Baroda,Uttar Pradesh,26-35,Male,Student,Android,No,Yes,1-6 hours,Yes,Partially Recovered,1
TXN145941634825,24-02-2025,13:30:45,Monday,Fake UPI App,Customer Care Impersonation,39700,PhonePe,Collect Request,mb9001@paytm,txn9123@ibl,IndusInd Bank,Haryana,46-55,Female,Self-employed/Business,Android,Yes,No,< 1 hour,Yes,Not Recovered,1
TXN122120359987,18-12-2024,10:18:41,Wednesday,Vishing,Delivery Agent Scam,4050,PhonePe,P2M,acct7901@paytm,txn2319@ybl,Yes Bank,Gujarat,18-25,Male,Farmer,iOS,Yes,Yes,1-3 days,Yes,Not Recovered,1
TXN421026751575,02-12-2024,13:12:19,Monday,Phishing,KYC Update Required,3950,Google Pay,P2P,txn6626@oksbi,mb6464@axl,Bank of Baroda,Madhya Pradesh,36-45,Male,Salaried Employee,Android,No,Yes,< 1 hour,Yes,Not Recovered,1
TXN928884020358,09-04-2024,10:11:58,Tuesday,Phishing,Investment Scheme,8350,Paytm,P2M,txn7904@okhdfcbank,user9222@axl,SBI,Rajasthan,18-25,Female,Retired,Android,Yes,Yes,6-24 hours,Yes,Not Recovered,1
TXN609900867615,16-02-2024,23:05:35,Friday,Phishing,Refund Processing,41450,PhonePe,P2P,mb7743@axl,acct9971@okicici,HDFC Bank,Telangana,66+,Female,Daily Wage Worker,Android,Yes,Yes,6-24 hours,Yes,Partially Recovered,1
TXN406297936662,26-03-2025,16:47:23,Wednesday,OTP Sharing,Loan Offer,3400,Google Pay,P2P,acct4964@apl,acct3862@okicici,Bank of Baroda,Kerala,36-45,Male,Salaried Employee,Android,No,No,1-6 hours,No,Not Recovered,1
TXN457289643226,08-06-2023,10:22:04,Thursday,Phishing,Electricity Bill Disconnection,1300,Paytm,P2P,mb5300@ybl,user1273@okicici,SBI,Uttar Pradesh,26-35,Male,Homemaker,Android,Yes,Yes,1-6 hours,Yes,Not Recovered,1
TXN487154168484,18-11-2023,19:30:41,Saturday,Vishing,Impersonation of Known Person,2350,Paytm,P2P,mb7125@oksbi,txn7855@ibl,Yes Bank,Delhi,46-55,Female,Salaried Employee,Android,Yes,Yes,< 1 hour,Yes,Not Recovered,1
TXN709876590486,29-09-2024,19:22:13,Sunday,Remote Access Scam,Investment Scheme,85250,Google Pay,P2P,acct6411@ibl,mb2812@axl,Canara Bank,Uttar Pradesh,18-25,Male,Student,Android,Yes,No,1-6 hours,No,Fully Recovered,1
TXN292485102236,15-07-2024,11:39:11,Monday,Phishing,Loan Offer,700,Google Pay,P2M,txn3572@okhdfcbank,mb7061@paytm,SBI,Tamil Nadu,26-35,Female,Salaried Employee,Android,Yes,Yes,6-24 hours,No,Partially Recovered,1
TXN452456921114,04-12-2023,22:54:03,Monday,Fake UPI App,Digital Arrest Threat,11650,Paytm,P2P,pay1638@oksbi,user6034@ybl,HDFC Bank,Telangana,36-45,Male,Salaried Employee,Android,Yes,No,< 1 hour,Yes,Fully Recovered,1
TXN713248682433,11-04-2023,13:34:05,Tuesday,OTP Sharing,Delivery Agent Scam,600,Google Pay,P2P,pay2610@okicici,acct5372@ibl,HDFC Bank,Tamil Nadu,56-65,Male,Retired,Android,No,Yes,6-24 hours,Yes,Partially Recovered,1
TXN247102882080,04-09-2023,06:19:43,Monday,Phishing,Customer Care Impersonation,5850,Google Pay,Collect Request,user7627@apl,pay7838@apl,Punjab National Bank,Karnataka,66+,Female,Daily Wage Worker,Android,No,Yes,1-3 days,No,Partially Recovered,1
TXN724253149852,07-08-2023,09:05:40,Monday,Fake UPI App,Impersonation of Known Person,4600,Google Pay,P2M,pay3279@ibl,acct3121@okicici,SBI,Uttar Pradesh,36-45,Male,Salaried Employee,Android,Yes,No,6-24 hours,Yes,Fully Recovered,1
TXN992138659860,16-10-2024,16:03:45,Wednesday,Phishing,Job Offer/Part-time Work,600,PhonePe,P2P,user6426@apl,user3415@apl,SBI,Kerala,36-45,Female,Student,iOS,Yes,Yes,3-7 days,Yes,Not Recovered,1
TXN903038850112,14-05-2024,01:24:02,Tuesday,Vishing,Customer Care Impersonation,850,PhonePe,P2M,mb9274@ibl,acct7424@ybl,Canara Bank,Maharashtra,26-35,Male,Student,Android,No,Yes,1-6 hours,Yes,Not Recovered,1
TXN159953369439,27-10-2023,05:57:24,Friday,Vishing,Customer Care Impersonation,17050,Google Pay,Collect Request,acct3096@okicici,mb1377@okhdfcbank,IndusInd Bank,West Bengal,26-35,Male,Homemaker,Android,Yes,Yes,3-7 days,No,Not Recovered,1
TXN746483010296,10-07-2023,19:55:12,Monday,Fake Collect Request,Loan Offer,1050,PhonePe,Collect Request,txn5028@apl,pay5748@ybl,Punjab National Bank,Delhi,36-45,Female,Salaried Employee,Android,No,No,1-6 hours,No,Partially Recovered,1
